ID,Product,Category,Subcategory,Image_URL,Price,Description
1,Postinor *2 Tabs,Sexual Health,Contraceptives,https://images.deliveryhero.io/image/menus-glovo/products/4be3c1ff222112ab9eb493695186cc221246b72d0fe39cf2456c47cd139697a7?t=W3siYXV0byI6eyJxIjoibG93In19LHsicmVzaXplIjp7IndpZHRoIjo2MDB9fV0=,"#1,300.00",Stops your ovaries from releasing an egg; preventing sperm from fertilising any egg you may have already released. Postinor-1 can only prevent you from becoming pregnant if you take it within 72 hours of unprotected sex
2,Dkt Postpill 1.5Mg * 1 Tabs,Sexual Health,Contraceptives,https://images.deliveryhero.io/image/menus-glovo/products/18d27d06e0c0bdb032cc238598b05d0f3f1be8d90a9cec765fedd9f391b079d2?t=W3siYXV0byI6eyJxIjoibG93In19LHsicmVzaXplIjp7IndpZHRoIjo2MDB9fV0=,"#1,050.00",Morning after pills that stops the fertilization of eggs
3,Ellaone 30Mg *1Tab,Sexual Health,Contraceptives,https://cdn.webshopapp.com/shops/148488/files/364557064/ellaone-30-mg-film-coated-tablet-1-pc.jpg,"#52,500.00",It is available as tablets (30 mg). What is ellaOne used for? EllaOne is a female emergency contraceptive to be taken within 120 hours (five days) of unprotected sex or contraceptive failure (such as a tear in a condom during sex).
4,Durex Extra Safe * 3 Condoms,Sexual Health,Contraceptives,https://images.deliveryhero.io/image/menus-glovo/products/2e5f59e371d815cf4957d8f75760708b5b6418a159491dfface07590c9ec72bd?t=W3siYXV0byI6eyJxIjoibG93In19LHsicmVzaXplIjp7IndpZHRoIjo2MDB9fV0=,"#2,300.00","contains special climax-control lubricant, benzocaine, that helps him last longer while providing the same level of reassurance and protection as a regular condom."
5,Durex Thin Feel * 6 Condoms,Sexual Health,Contraceptives,https://images.deliveryhero.io/image/menus-glovo/products/47a1da25d088b25a63382031391e5fe5f45506e2db1c30adab1c90772007739c?t=W3siYXV0byI6eyJxIjoibG93In19LHsicmVzaXplIjp7IndpZHRoIjo2MDB9fV0=,"#9,000.00","contains special climax-control lubricant, benzocaine, that helps him last longer while providing the same level of reassurance and protection as a regular condom."
6,Durex Extra Safe * 12 Condom(Local),Sexual Health,Contraceptives,https://images.deliveryhero.io/image/menus-glovo/products/e3690478dc2a68fab1b75f5ec1635d1b02022bdc0f53fbebab4a536dd5ad00eb?t=W3siYXV0byI6eyJxIjoibG93In19LHsicmVzaXplIjp7IndpZHRoIjo2MDB9fV0=,"#7,750.00","contains special climax-control lubricant, benzocaine, that helps him last longer while providing the same level of reassurance and protection as a regular condom."
7,Durex Performa * 3,Sexual Health,Contraceptives,https://i.postimg.cc/mrDx9gc8/durex-performa-3.webp,"#3,250.00","contains special climax-control lubricant, benzocaine, that helps him last longer while providing the same level of reassurance and protection as a regular condom."
8,Durex Pleasure Me *6Condoms,Sexual Health,Contraceptives,https://i.postimg.cc/50JZ6SGc/durex-pleasure-me-regular-fit-6.jpg,"#9,000.00","contains special climax-control lubricant, benzocaine, that helps him last longer while providing the same level of reassurance and protection as a regular condom."
9,Trojan Magnum *3,Sexual Health,Contraceptives,https://images.deliveryhero.io/image/menus-glovo/products/e4b02e9595546e0f05dfe1d31e0891e074d827e36da843403c298d8d2599f9b3?t=W3siYXV0byI6eyJxIjoibG93In19LHsicmVzaXplIjp7IndpZHRoIjo2MDB9fV0=,"#4,200.00","contains special climax-control lubricant, benzocaine, that helps him last longer while providing the same level of reassurance and protection as a regular condom."
10,Vigor Chocolate For Men,Sexual Enhancement,Sexual Enhancement,https://i.postimg.cc/MGTrBCjw/vigor-chocolate-for-men.jpg,"#2,400.00",Vigor Chocolate for men is a phenomenal chocolate bar made out of 100% plant base natural ingredients. Specially formulated to enhance your sexual drive and pleasure.
11,Force Factor Alpha King Immortal * *180 Ca,Sexual Enhancement,Sexual Enhancement,https://i.postimg.cc/76NGyWmC/force-factor-alpha-king-immortal-180.jpg,"#186,000.00","Force Factor Alpha King Immortal total masculine hormone support, boost testosterone and reduce estrogen, improve strength, muscle, and force, enhance performance. It contains 180 Capsules."
12,Stud 100 Spray,Sexual Enhancement,Sexual Enhancement,https://i.postimg.cc/7hGFzfbS/STUD-100-SPRAY-Photo-Room-png-Photo-Room.png,"#10,200.00","Stud 100 contains an active ingredient 'lidocaine'. Lidocaine is a local anaesthetic and when applied to the penis before sex, it allows a men to keep going for longer by reducing how sensitive he is to touch and skin to skin contact"
13,Procomil Spray 15Ml,Sexual Enhancement,Sexual Enhancement,https://i.postimg.cc/0ynKFQ2Y/PROCOMIL-SPRAY-15-ML-Photo-Room-png-Photo-Room.png,"#9,600.00",Procomil desensitizes the penis and increases sexual stamina when sprayed to the head and works within 5 minutes of being sprayed.
14,Samsu Oil,Sexual Enhancement,Sexual Enhancement,https://images.deliveryhero.io/image/menus-glovo/products/ff42e1cfa72c95bfb9641e85c80c1a7f209c60bd7ce766b9a552033289c10ab7?t=W3siYXV0byI6eyJxIjoibG93In19LHsicmVzaXplIjp7IndpZHRoIjo2MDB9fV0=,"#2,650.00",Samsu Oil is a topical natural medication for men. It serves to reduce the level of sensitivity of the nerves of the penis so as to overcome the problem.
15,Naturals Power Plus,Sexual Enhancement,Sexual Enhancement,https://i.postimg.cc/PqPS6GYm/natural-power-plus-straight-Photo-Room-png-Photo-Room.png,"#8,250.00","Power Plus is made from all natural herbs, with the combination of Korean ginseng, maca, honey and liriosma ovata and it is used to improve sexual stamina and bedroom confidence"
16,Libido-Max Softgel * 75,Sexual Enhancement,Sexual Enhancement,https://ng.jumia.is/unsafe/fit-in/680x680/filters:fill(white)/product/06/6286852/1.jpg?6508,"#25,000.00","Power Plus is made from all natural herbs, with the combination of Korean ginseng, maca, honey and liriosma ovata and it is used to improve sexual stamina and bedroom confidence"
17,Libido-Max Softgel * 30,Sexual Enhancement,Sexual Enhancement,https://www.polskaapteczka.com/cdn/shop/products/libido-max-30_b3ef7e87-4667-4ae5-b33a-9eeb197b8fba.jpg?v=1666216371,"#15,500.00","Power Plus is made from all natural herbs, with the combination of Korean ginseng, maca, honey and liriosma ovata and it is used to improve sexual stamina and bedroom confidence"
18,Honnihil (Tadalafil) 20Mg * 4 Tabs,Sexual Enhancement,Sexual Enhancement,https://i.postimg.cc/k4w8hFCn/honnihil-4tab.jpg,"#2,400.00",helps to maintain an erection after the penis is stroked by increasing blood flow to the penis.
19,Tadalis 20Mg * 4 Tabs,Sexual Enhancement,Sexual Enhancement,https://images.deliveryhero.io/image/menus-glovo/products/d377b1d7da63542d5aef24afd3e7a1aa95aa5898f8b739d3b89283bb7d2af486?t=W3siYXV0byI6eyJxIjoibG93In19LHsicmVzaXplIjp7IndpZHRoIjo2MDB9fV0=,"#3,550.00","used to treat erectile dysfunction and pulmonary arterial hypertension. It works by relaxing the muscles in the lungs and widening the blood vessels, which allows more blood to flow through them."
20,Tadalis 10Mg * 4 Tabs,Sexual Enhancement,Sexual Enhancement,https://i.postimg.cc/Dy46mHFL/Tadalis-10-Mg-4-Tabs-Photo-Room-png-Photo-Room.png,"#1,800.00","used to treat erectile dysfunction and pulmonary arterial hypertension. It works by relaxing the muscles in the lungs and widening the blood vessels, which allows more blood to flow through them."
21,Clearblue Pregnancy Test *1 Tests,Test Kits,Test Kits,https://ca-en.clearblue.com/sites/default/files/wysiwyg/products/packshots/00751774801002C1R1_CA-EN.jpg,"#28,500.00",One stick of pregnancy test stick
22,Dr Greg'S Pregnancy Test Kit *1,Test Kits,Test Kits,https://i.postimg.cc/VvJFLt5P/dr-greg-s-pregnancy-test-srip.jpg,"#3,050.00",One pregnancy test strip
23,Predicte Pregnancy * 2 Tests,Test Kits,Test Kits,https://i.postimg.cc/t4kDkpKf/predicte-pregnancy-test.jpg,"#1,000.00",pregnancy test stripe
24,Dr. Greg'S Ovulation Test Stripe,Test Kits,Test Kits,https://i.postimg.cc/43yV7pP6/dr-greg-ovulation-kit-medplus-Photo-Room-png-Photo-Room.png,"#5,800.00",This is an ovulation predictor test kit. It is a home test that checks your urine to let you know when you're most likely to be fertile.
25,Health Check Malaria Test Kit,Test Kits,Test Kits,https://images.deliveryhero.io/image/menus-glovo/products/d415b689da918a9709f0413472d83ce0fa934d2eeb9ab7724cae76ed47550434?t=W3siYXV0byI6eyJxIjoibG93In19LHsicmVzaXplIjp7IndpZHRoIjo2MDB9fV0=,"#1,950.00",A selt test kit for Malaria
26,Dr Greg'S Malaria Test Kit,Test Kits,Test Kits,https://i.postimg.cc/P5s09XF5/Dr-Greg-s-Malaria-TEST-Kit.jpg,"#3,250.00",A selt test kit for Malaria
27,Oraquick Hiv Self-Test,Test Kits,Test Kits,https://images.deliveryhero.io/image/menus-glovo/products/1f18b3a06a800c021c07185ed5f9a3adb0b93a3327e59e88bc39354794265a17?t=W3siYXV0byI6eyJxIjoibG93In19LHsicmVzaXplIjp7IndpZHRoIjo2MDB9fV0=,"#2,350.00",A selt test kit for Hiv
28,Health Check 3H Viral Check Test,Test Kits,Test Kits,https://i.postimg.cc/wv5Tn491/Health-check-3-H-viral-check-test.jpg,"#4,650.00",A selt test kit for Hiv
29,Dr Greg'S Typhoid Test Kit,Test Kits,Test Kits,https://i.postimg.cc/qvR3fdCc/dr-greg-typhoid-kit.jpg,"#5,700.00",A selt test kit for Hepatitis
30,Royal Princess Sanitary Pads* 8 (Long),Feminine Hygeine,Feminine Hygeine,https://i.postimg.cc/v8xhs6wf/ROYAL-PRINCESS-8-PADS-LONG-Photo-Room-png-Photo-Room.png,#600.00,Sanitary pad that is used for menstruation
31,Longrich Magnetic Energy Sanitary Pantyliners,Feminine Hygeine,Feminine Hygeine,https://i.postimg.cc/0Ntn8YNd/LONGRICH-MAGNETIC-ENERGY-PANTY-LINERS-30-Photo-Room-png-Photo-Room.png,"#3,000.00",Sanitary panty liner
32,Always Ultra Pads * 6 (Exra Long),Feminine Hygeine,Feminine Hygeine,https://i.postimg.cc/hjjmMNcV/ALWAYS-ULTRA-THIN-6-PADS-EXTRA-LONG-Photo-Room-png-Photo-Room.png,"#1,800.00",Sanitary pad that is used for menstruation
33,Tampax * 20 Tampons (Regular),Feminine Hygeine,Feminine Hygeine,https://i.postimg.cc/mgjNwY7f/TAMPAX-REGULAR-20-Photo-Room-png-Photo-Room.png,"#6,200.00","Tampons are absorbent materials used during the menstrual flow. It is inserted into the Vagina where it acts like a plug, absorbs the flow and prevents leakage."
34,Tampax Super * 20 Tampons,Feminine Hygeine,Feminine Hygeine,https://images.deliveryhero.io/image/menus-glovo/products/d7d0f140fed62af8fd611e7b0426383861300448753cb00d90553003ff0c901e?t=W3siYXV0byI6eyJxIjoibG93In19LHsicmVzaXplIjp7IndpZHRoIjo2MDB9fV0=,"#6,200.00","Tampons are absorbent materials used during the menstrual flow. It is inserted into the Vagina where it acts like a plug, absorbs the flow and prevents leakage."
35,Tampax Super Plus* 20 Tampons,Feminine Hygeine,Feminine Hygeine,https://images.deliveryhero.io/image/menus-glovo/products/5a85f2dd9dd6b53c0f8b1693f1f3925d1db1c73da99166b034fb743fd1d3238c?t=W3siYXV0byI6eyJxIjoibG93In19LHsicmVzaXplIjp7IndpZHRoIjo2MDB9fV0=,"#6,200.00","Tampons are absorbent materials used during the menstrual flow. It is inserted into the Vagina where it acts like a plug, absorbs the flow and prevents leakage."
36,Femfresh Ultimate Soothing Wash *250Ml,Feminine Hygeine,Feminine Hygeine,https://i.postimg.cc/tgRDQS94/FEMFRESH-ULTIMATE-SOOTHING-WASH-250-ML-Photo-Room-png-Photo-Room.png,"#5,100.00","Femfreshâ„¢ soothing wash for everyday use contains pre and probiotic complex, honeysuckle and cranberry extracts. Provides a mild and immediate feeling of comfort that allows your intimate area to feel hydrated and gives a long lasting 24 hours soothing sensation."
37,Femfresh Sensitive Intimate Wash *250Ml,Feminine Hygeine,Feminine Hygeine,https://i.postimg.cc/Hk93NDDN/FEMFRESH-SENSITIVE-INTIMATE-WASH-250-ML-Photo-Room-png-Photo-Room.png,"#5,100.00","The low pH of the intimate area helps to protect against irritation and this can be upset by ordinary washes and shower gels. Femfresh, with its pleasant fragrance and soothing extracts of aloe vera, provides long lasting freshness throughout the day."
38,Paracetamol * 8 Strips,Medications And Treatments,Pain Killers,https://images.deliveryhero.io/image/menus-glovo/products/c911b3abfa13bc23886e710a3ac05e3aaf71c85c05febf9fb79b4b77cb56ac9b?t=W3siYXV0byI6eyJxIjoibG93In19LHsicmVzaXplIjp7IndpZHRoIjo2MDB9fV0=,#200.00,"Analgesics that relieve mild to moderate pain and/or fever. It can be used to relieve headache, migraine, neuralgia, toothache, period pain, rheumatic aches and pains, sore throat and the symptoms of colds and flu."
39,Panadol Advance 500Mg *16 Tabs,Medications And Treatments,Pain Killers,https://images.deliveryhero.io/image/menus-glovo/products/366f353e16a6f6ee86dbb0b78c14982d435179bcdd7602c11159433f30394f7b?t=W3siYXV0byI6eyJxIjoibG93In19LHsicmVzaXplIjp7IndpZHRoIjo2MDB9fV0=,"#4,950.00","Analgesics that relieve mild to moderate pain and/or fever. It can be used to relieve headache, migraine, neuralgia, toothache, period pain, rheumatic aches and pains, sore throat and the symptoms of colds and flu."
40,Panadol Actifast * 14 Tabs,Medications And Treatments,Pain Killers,https://images.deliveryhero.io/image/menus-glovo/products/829bfeb3328f74554589b828ba60912fc38d64bc42cc2368173329940360998e?t=W3siYXV0byI6eyJxIjoibG93In19LHsicmVzaXplIjp7IndpZHRoIjo2MDB9fV0=,"#8,250.00","Analgesics that relieve mild to moderate pain and/or fever. It can be used to relieve headache, migraine, neuralgia, toothache, period pain, rheumatic aches and pains, sore throat and the symptoms of colds and flu."
41,Panadol Night * 24 Caplets,Medications And Treatments,Pain Killers,https://images.deliveryhero.io/image/menus-glovo/products/d33ea3adcbe2a548f39233b21a0a3ac05ac061d22753b6bbe10c658d269222ee?t=W3siYXV0byI6eyJxIjoibG93In19LHsicmVzaXplIjp7IndpZHRoIjo2MDB9fV0=,"#8,700.00","Analgesics that relieve mild to moderate pain and/or fever. It can be used to relieve headache, migraine, neuralgia, toothache, period pain, rheumatic aches and pains, sore throat and the symptoms of colds and flu."
42,Nurofen Oral Suspension (Orange) 100Mg,Medications And Treatments,Pain Killers,https://healthplusnigeria.com/cdn/shop/products/nurofen-for-children-_ibuprofen_-orange-syrup-100ml-1_pqlz1c_grande.jpg?v=1680833916,"#3,900.00","For the reduction of fever and the relief of the symptoms of colds and influenza and mild to moderate pain, such as a sore throat, dental pain, earache, headache, minor aches and sprains."
43,Pure Evening Primrose*90Caps,Medications And Treatments,"Cough, Cold And Flu",https://i.postimg.cc/KYztXJPp/pure-evening-primrose-oil-Photo-Room-png-Photo-Room.png,"#19,300.00","traditionally used it to treat conditions including bruises, hemorrhoids, and sore throats."
44,Lemsip Max ColdAndFlu* 10 Satchets (Lemon),Medications And Treatments,"Cough, Cold And Flu",https://i.postimg.cc/qRd06MkP/Lemsip-Max-Cold-Flu-Lemon-10-Photo-Room-png-Photo-Room.png,"#11,700.00","used to relieve the symptoms of colds and flu including runny nose, chesty coughs, watery eyes, nasal congestion and blocked sinuses"
45,Actifed Multi-Action * 12 Tabs,Medications And Treatments,"Cough, Cold And Flu",https://images.deliveryhero.io/image/menus-glovo/products/a658bc23967d98f0fd53fb532976dec217bd89b26914b985556b708203832a05?t=W3siYXV0byI6eyJxIjoibG93In19LHsicmVzaXplIjp7IndpZHRoIjo2MDB9fV0=,"#11,200.00","used to relieve the symptoms of colds and flu including runny nose, chesty coughs, watery eyes, nasal congestion"
46,Actifed Dry Cough 100Ml,Medications And Treatments,"Cough, Cold And Flu",https://images.deliveryhero.io/image/menus-glovo/products/d92f6b8b8a4060b5034dc0b6e6d8c8a7c48e3a4fcf257a3f063ea52d76b71d64?t=W3siYXV0byI6eyJxIjoibG93In19LHsicmVzaXplIjp7IndpZHRoIjo2MDB9fV0=,"#12,750.00","used to relieve the symptoms of colds and flu including runny nose, chesty coughs, watery eyes, nasal congestion"
47,Actifed Cold * 12 Tabs,Medications And Treatments,"Cough, Cold And Flu",https://images.deliveryhero.io/image/menus-glovo/products/391d3e6fb910c830c5229d7777ab20ed64caa1a36c702078564c54afe10f422f?t=W3siYXV0byI6eyJxIjoibG93In19LHsicmVzaXplIjp7IndpZHRoIjo2MDB9fV0=,"#1,750.00","used to relieve the symptoms of colds and flu including runny nose, chesty coughs, watery eyes, nasal congestion"
48,Beechams Powder *10 Sachets,Medications And Treatments,"Cough, Cold And Flu",https://encrypted-tbn0.gstatic.com/images?q=tbn:ANd9GcQ3bKi5MXRmRE6ipbjv09Tl0RuOMPtcJyFshQAndusqp=CAU,"#4,850.00","used to relieve the symptoms of colds and flu including runny nose, chesty coughs, watery eyes, nasal congestion"
49,Flucorday Non-Drowsy *8 Liq Gels,Medications And Treatments,"Cough, Cold And Flu",https://images.deliveryhero.io/image/menus-glovo/products/9b676fea2c7a5799dacc712398c90f4b34caabc5e7c30f9be3f311b08cf2ad4e?t=W3siYXV0byI6eyJxIjoibG93In19LHsicmVzaXplIjp7IndpZHRoIjo2MDB9fV0=,#140.00,"used to relieve the symptoms of colds and flu including runny nose, chesty coughs, watery eyes, nasal congestion"
50,Panadol Cold And Flu * 24 Caplets,Medications And Treatments,"Cough, Cold And Flu",https://images.deliveryhero.io/image/menus-glovo/products/285546ad1e3acf3424901949efc425debcb3eabafd123bef5603a5a63e4534df?t=W3siYXV0byI6eyJxIjoibG93In19LHsicmVzaXplIjp7IndpZHRoIjo2MDB9fV0=,"#10,550.00","used to relieve the symptoms of colds and flu including runny nose, chesty coughs, watery eyes, nasal congestion"
51,Menthodex Cough Mixture 100Ml,Medications And Treatments,"Cough, Cold And Flu",https://images.deliveryhero.io/image/menus-glovo/products/4a8c23aed48a4e0881d9febca82b866d5c8c44079729f498f395e1b3e47cd17f?t=W3siYXV0byI6eyJxIjoibG93In19LHsicmVzaXplIjp7IndpZHRoIjo2MDB9fV0=,"#3,000.00","used to relieve the symptoms of colds and flu including runny nose, chesty coughs, watery eyes, nasal congestion"
52,Benylin Chesty Coughs Non Drowsy 150Ml,Medications And Treatments,"Cough, Cold And Flu",https://images.deliveryhero.io/image/menus-glovo/products/b3230e50c31c1f14e76e093874c150a6da0f4f9f07b32e77b4ae2a8c1b06809e?t=W3siYXV0byI6eyJxIjoibG93In19LHsicmVzaXplIjp7IndpZHRoIjo2MDB9fV0=,"#14,000.00","used to relieve the symptoms of colds and flu including runny nose, chesty coughs, watery eyes, nasal congestion"
53,Vicks Inhaler (Uk),Medications And Treatments,"Cough, Cold And Flu",https://images.deliveryhero.io/image/menus-glovo/products/eb8beb8f24dedc7c49c3e7584f206024b691d320752cee49fc91cbed7ebb3301?t=W3siYXV0byI6eyJxIjoibG93In19LHsicmVzaXplIjp7IndpZHRoIjo2MDB9fV0=,"#4,500.00",used to relieve nasal congestion
54,Rhina Phyto Herbal Liquid 100Ml,Medications And Treatments,"Cough, Cold And Flu",https://i.postimg.cc/PJ9SbFrK/RHINA-PHYTO-HERBAL-LIQUID-100-ML.jpg,"#6,900.00","used to relieve the symptoms of colds and flu including runny nose, chesty coughs, watery eyes, nasal congestion"
55,Covonia Chesty Cough 180Ml,Medications And Treatments,"Cough, Cold And Flu",https://i.postimg.cc/RV2YwqW9/COVONIA-CHESTY-COUGH-180-ML.jpg,"#8,850.00","used to relieve the symptoms of colds and flu including runny nose, chesty coughs, watery eyes, nasal congestion"
56,Coflin Cough Linctus,Medications And Treatments,"Cough, Cold And Flu",https://images.deliveryhero.io/image/menus-glovo/products/7c2637dcd35dc2eb5f891c580586081a8cc44d0e4dee2b70475e7fbe875953a9?t=W3siYXV0byI6eyJxIjoibG93In19LHsicmVzaXplIjp7IndpZHRoIjo2MDB9fV0=,"#1,050.00","used to relieve the symptoms of colds and flu including runny nose, chesty coughs, watery eyes, nasal congestion"
57,Coflin Expectorant 100Ml,Medications And Treatments,"Cough, Cold And Flu",https://i.postimg.cc/cJS55j7b/Coflin-Expectorant-100-ML.jpg,#850.00,"used to relieve the symptoms of colds and flu including runny nose, chesty coughs, watery eyes, nasal congestion"
58,Lemsip Max Cold And Flu *16Caps,Medications And Treatments,"Cough, Cold And Flu",https://i.postimg.cc/2S40vGpF/Lemsip-Max-Cold-Flu-by-16tabs-removebg-preview.png,"#9,550.00","used to relieve the symptoms of colds and flu including runny nose, chesty coughs, watery eyes, nasal congestion"
59,Shaltoux 4 Way Relief Syrup 100Ml,Medications And Treatments,"Cough, Cold And Flu",https://images.deliveryhero.io/image/menus-glovo/products/71e5cf8890af43c1d0a7ee14ef38daff63f46f060da19faff9fa73b34e027517?t=W3siYXV0byI6eyJxIjoibG93In19LHsicmVzaXplIjp7IndpZHRoIjo2MDB9fV0=,#90.00,"used to relieve the symptoms of colds and flu including runny nose, chesty coughs, watery eyes, nasal congestion"
60,Shaltoux Chesty Cough 100Ml,Medications And Treatments,"Cough, Cold And Flu",https://i.postimg.cc/rFRnycQH/SHALTOUX-CHESTY-COUGH-100-ML.jpg,#850.00,"used to relieve the symptoms of colds and flu including runny nose, chesty coughs, watery eyes, nasal congestion"
61,Emzor Emzolyn 4Way Syrup 100Ml,Medications And Treatments,"Cough, Cold And Flu",https://images.deliveryhero.io/image/menus-glovo/products/2801204b7f19e13df6151e5ffd2044afcede6b2685f0d8040fb224ea30be5ac2?t=W3siYXV0byI6eyJxIjoibG93In19LHsicmVzaXplIjp7IndpZHRoIjo2MDB9fV0=,#850.00,"used to relieve the symptoms of colds and flu including runny nose, chesty coughs, watery eyes, nasal congestion"
62,Procold 4 Flu * 50 Strips,Medications And Treatments,"Cough, Cold And Flu",https://images.deliveryhero.io/image/menus-glovo/products/26fe87f54facd821bcbf5b2a352fe3c868c705f629b4c2df30528a8a0e322da0?t=W3siYXV0byI6eyJxIjoibG93In19LHsicmVzaXplIjp7IndpZHRoIjo2MDB9fV0=,#300.00,"used to relieve the symptoms of colds and flu including runny nose, chesty coughs, watery eyes, nasal congestion"
63,Aboniki Balm *25G,Medications And Treatments,"Cough, Cold And Flu",https://i.postimg.cc/CMPXLcYR/aboniki-balm.jpg,#550.00,"used to relieve the symptoms of colds and flu including runny nose, chesty coughs, watery eyes, nasal congestion"
64,Otrivine Blocked Nose Nasal Spray,Medications And Treatments,"Cough, Cold And Flu",https://i.postimg.cc/Kj3Yq25Q/otrivine-blocked-nose-nasal-spray.jpg,"#8,700.00",clears a blocked nose by reducing nasal mucus and shrinking swollen blood vessels so you can breathe easier.
65,Olbas Oil Inhalant 12Ml,Medications And Treatments,"Cough, Cold And Flu",https://i.postimg.cc/Ls7kbQ11/Olbas-Oil-Inhalant-12-Ml.jpg,"#8,700.00",clears a blocked nose by reducing nasal mucus and shrinking swollen blood vessels so you can breathe easier.
66,Olbas Oil Inhalant 30Ml,Medications And Treatments,"Cough, Cold And Flu",https://i.postimg.cc/KYjqSfMN/Olbas-Oil-Inhalant-30-Ml.jpg,"#12,750.00",clears a blocked nose by reducing nasal mucus and shrinking swollen blood vessels so you can breathe easier.
67,Olbas Oil For Children 10Ml,Medications And Treatments,"Cough, Cold And Flu",https://i.postimg.cc/90QzJDSr/Olbas-Oil-For-Children-10-Ml.jpg,"#7,100.00",clears a blocked nose by reducing nasal mucus and shrinking swollen blood vessels so you can breathe easier.
68,Covonia Vapour Drops,Medications And Treatments,"Cough, Cold And Flu",https://i.postimg.cc/RFFzYwS5/Covonia-Vapour-Drops-15-Ml.png,"#5,800.00","used to relieve the symptoms of colds and flu including runny nose, chesty coughs, watery eyes, nasal congestion"
69,Benadryl Allergy Natural Nasal Spray,Medications And Treatments,"Cough, Cold And Flu",https://i.postimg.cc/Jn4BdYHr/Benadryl-Allergy-Natural-Nasal-Spray.jpg,"#7,900.00","used to relieve the symptoms of colds and flu including runny nose, chesty coughs, watery eyes, nasal congestion"
70,Calpol Saline Nasal Drop 10Ml,Medications And Treatments,"Cough, Cold And Flu",https://i.postimg.cc/prMyM0p5/calpol-nasal-nasal-10ml.jpg,"#8,550.00","used to relieve the symptoms of colds and flu including runny nose, chesty coughs, watery eyes, nasal congestion"
71,Calpol Saline Nasal Spray 15Ml,Medications And Treatments,"Cough, Cold And Flu",https://i.postimg.cc/8PWBv3h9/Calpol-Saline-Nasal-Spray-15-Ml.jpg,"#10,800.00","used to relieve the symptoms of colds and flu including runny nose, chesty coughs, watery eyes, nasal congestion"
72,Sudafed Sinus Ease Nasal Spray 15Ml,Medications And Treatments,"Cough, Cold And Flu",https://i.postimg.cc/Kvvx3SSv/Sudafed-Sinus-Ease-Nasal-Spray-15-Ml.jpg,"#10,300.00","used to relieve the symptoms of colds and flu including runny nose, chesty coughs, watery eyes, nasal congestion"
73,Sudafed Sinus Pressure And Pain Max Strength Tablets X 12,Medications And Treatments,"Cough, Cold And Flu",https://cdn.shopify.com/s/files/1/0562/3853/8907/products/sudafed-sinus-pressure-pain-tablets-p9111-12054_image_c658ed0a-c177-4f3c-9026-12dfbfd112d5.jpg?v=1680837445Andwidth=600,"#10,300.00","- Helps relieve sinus pain, pressure, nasal congestion and headaches"
74,Vocalzone Throat Pastilles (Black Currant* 24 Tabs,Medications And Treatments,"Cough, Cold And Flu",https://i.postimg.cc/fTLQTcmV/Vocalzone-Throat-Pastilles-Blc-24-Tabs.jpg,"#8,200.00","used to relieve the symptoms of colds and flu including runny nose, chesty coughs, watery eyes, nasal congestion"
75,Vocalzone Throat Pastilles(Honey And Lemon,Medications And Treatments,"Cough, Cold And Flu",https://i.postimg.cc/Bb7y1zHX/Vocalzone-Throat-Pastilles-Honey-and-Lemon.jpg,"#8,800.00","used to relieve the symptoms of colds and flu including runny nose, chesty coughs, watery eyes, nasal congestion"
76,Ascomed Vitamin C *100,Medications And Treatments,"Cough, Cold And Flu",https://images.deliveryhero.io/image/menus-glovo/products/0b3999cfd8b809ae55f8916328fa3fbf742786cb6cca3d613ab3619a76717278?t=W3siYXV0byI6eyJxIjoibG93In19LHsicmVzaXplIjp7IndpZHRoIjo2MDB9fV0=,#700.00,"To help wounds heal, to enhance the absorption of iron from plant foods, and to support the immune system. It works as an antioxidant to protect your cells against free radicals, which may play a role in heart disease, cancer and other diseases"
77,Braggs Apple Cidear Vinegar 946Ml,Medications And Treatments,"Cough, Cold And Flu","https://www-konga-com-res.cloudinary.com/w_auto,f_auto,fl_lossy,dpr_auto,q_auto/media/catalog/product/X/C/167050_1590558846.jpg","#9,700.00",to boost your immune system and energy. Add a teaspoon of local raw honey to sooth a scratchy throat.
78,Braggs Apple Cidear Vinegar 473Ml,Medications And Treatments,"Cough, Cold And Flu","https://cloudinary.images-iherb.com/image/upload/f_auto,q_auto:eco/images/bra/bra00116/v/31.jpg","#6,900.00",to boost your immune system and energy. Add a teaspoon of local raw honey to sooth a scratchy throat.
79,Lemsip Max Cold And Flu (Blackcurrant) X 10,Medications And Treatments,"Cough, Cold And Flu",https://cdn.shopify.com/s/files/1/0562/3853/8907/products/LemsipMaxColdandFlurelief-Blackcurrantflavour-10sachets_1024x1024_3f430687-c5ee-48de-8871-02c0d9b15f0f.jpg?v=1698161111Andwidth=600,"#11,700.00",For quick cough and flu relief
80,Buttercup Original Cough Syrup 200Ml,Medications And Treatments,"Cough, Cold And Flu",https://www.supermart.ng/cdn/shop/files/medv167_buttercup_original_cough_syrup_150_ml.jpg?v=1688758365,"#10,500.00",For quick cough and flu relief
81,Buttercup Original Cough Syrup 150Ml,Medications And Treatments,"Cough, Cold And Flu",https://www.naturesbest.co.uk/images/products/large/5012616175008.jpg,"#13,500.00",For quick cough and flu relief
82,Strepsils Original Flv.*24 Loz,Medications And Treatments,Lozenges,https://images.deliveryhero.io/image/menus-glovo/products/3bd0d676407fd77c1d619a0177ec7aca9883e9b9d818e0116c3a343fa93426ed?t=W3siYXV0byI6eyJxIjoibG93In19LHsicmVzaXplIjp7IndpZHRoIjo2MDB9fV0=,"#3,900.00","Contains a combination of two effective antiseptics (2,4-dichlorobenzyl alcohol and amylmetacresol) to reliev sore throats and mouth infection"
83,Strepsils Intensive (Honey And Lemon) *16,Medications And Treatments,Lozenges,https://images.deliveryhero.io/image/menus-glovo/products/4ebd32e9fe9b8431fad5f114b975f86a6da4a22301224b57d9964d497f600468?t=W3siYXV0byI6eyJxIjoibG93In19LHsicmVzaXplIjp7IndpZHRoIjo2MDB9fV0=,"#4,900.00","Contains a combination of two effective antiseptics (2,4-dichlorobenzyl alcohol and amylmetacresol) to reliev sore throats and mouth infection"
84,Shaltoux Natural Lozenges,Medications And Treatments,Lozenges,https://images.deliveryhero.io/image/menus-glovo/products/e3f60058025d9f6e9e625c951952d8e8018d705357eef4a4a9f6228152d75727?t=W3siYXV0byI6eyJxIjoibG93In19LHsicmVzaXplIjp7IndpZHRoIjo2MDB9fV0=,#50.00,"Provides effective relief from sore throats and all types of allergic coughs, whether infective or of asthmatic origin. Each throat lozenge also helps relieve cough due to irritants"
85,Strepsil Soothing Honey AndLemon *24,Medications And Treatments,Lozenges,https://d3ckuu7lxvlwp2.cloudfront.net/products/20312226235e3825007e0abproduct.jpg,"#3,900.00","Provides effective relief from sore throats and all types of allergic coughs, whether infective or of asthmatic origin. Each throat lozenge also helps relieve cough due to irritants"
86,Canesten Anti-Fungal Cream 20G,Medications And Treatments,Yeast Infections,https://images.deliveryhero.io/image/menus-glovo/products/58a798b40915cb647c7195a51e4b42e3461dbee5dd8208dad8cca56717e253e6?t=W3siYXV0byI6eyJxIjoibG93In19LHsicmVzaXplIjp7IndpZHRoIjo2MDB9fV0=,"#6,500.00","used to treat fungal skin infections such as ringworm, athlete's foot, fungal nappy rash and fungal sweat rash. It is also used to relieve irritation of the vulva (external thrush) or the end of the penis, which may be associated with thrush"
87,Canesten Pessary Thrush 500Mg * 1,Medications And Treatments,Yeast Infections,https://images.deliveryhero.io/image/menus-glovo/products/65d2f90dc81a662d45d6b80c1f5ed07cd6a99b9170df3ea274757037a59b468e?t=W3siYXV0byI6eyJxIjoibG93In19LHsicmVzaXplIjp7IndpZHRoIjo2MDB9fV0=,"#15,000.00","used to treat fungal skin infections such as ringworm, athlete's foot, fungal nappy rash and fungal sweat rash. It is also used to relieve irritation of the vulva (external thrush) or the end of the penis, which may be associated with thrush"
88,Klovinal * 6 Vaginal Passaries,Medications And Treatments,Yeast Infections,https://images.deliveryhero.io/image/menus-glovo/products/cd0c922226c7f48a48ae01c1ceb7b1bd820afb8d8fb330b81c89708f66f96bcb?t=W3siYXV0byI6eyJxIjoibG93In19LHsicmVzaXplIjp7IndpZHRoIjo2MDB9fV0=,"#3,900.00","Used for the treatment of vaginal infections-both fungal and bacteria such as vulvovaginal candidiasis (yeast infection), bacterial vaginosis and trichomoniasi"
89,Abf- 3 Creame,Medications And Treatments,Yeast Infections,https://i.postimg.cc/c1XWhPjX/abf-3-cream-20g.jpg,#750.00,"used to treat fungal skin infections such as ringworm, athlete's foot, fungal nappy rash and fungal sweat rash. It is also used to relieve irritation of the vulva (external thrush) or the end of the penis, which may be associated with thrush"
90,Funbact-A Cream 30G,Medications And Treatments,Yeast Infections,https://images.deliveryhero.io/image/menus-glovo/products/3756edc6a9b505f19a58713ce8c6479822025053bfb669a86bfd746d5b8449d2?t=W3siYXV0byI6eyJxIjoibG93In19LHsicmVzaXplIjp7IndpZHRoIjo2MDB9fV0=,#900.00,"used to treat fungal skin infections such as ringworm, athlete's foot, fungal nappy rash and fungal sweat rash. It is also used to relieve irritation of the vulva (external thrush) or the end of the penis, which may be associated with thrush"
91,Nizoral Topical Cream 15G,Medications And Treatments,Yeast Infections,https://i.postimg.cc/sXHxvV6S/Nizoral-Topical-Cream-15-G.jpg,"#4,000.00","used to treat fungal skin infections such as ringworm, athlete's foot, fungal nappy rash and fungal sweat rash. It is also used to relieve irritation of the vulva (external thrush) or the end of the penis, which may be associated with thrush"
92,Skineal Cream 15G,Medications And Treatments,Yeast Infections,https://i.postimg.cc/L5Z95jZK/skineal-cream.jpg,"#1,200.00","used to treat fungal skin infections such as ringworm, athlete's foot, fungal nappy rash and fungal sweat rash. It is also used to relieve irritation of the vulva (external thrush) or the end of the penis, which may be associated with thrush"
93,Mycoten Cream 20G,Medications And Treatments,Yeast Infections,https://i.postimg.cc/8PRFbVj8/Mycoten-Cream-20-G.jpg,"#1,000.00","used to treat fungal skin infections such as ringworm, athlete's foot, fungal nappy rash and fungal sweat rash. It is also used to relieve irritation of the vulva (external thrush) or the end of the penis, which may be associated with thrush"
94,Mycoten Plus Vaginal Cream 35G,Medications And Treatments,Yeast Infections,https://i.postimg.cc/LhKDpsvm/mycoten-plus-vaginal-cream.png,"#2,650.00","used to treat fungal skin infections such as ringworm, athlete's foot, fungal nappy rash and fungal sweat rash. It is also used to relieve irritation of the vulva (external thrush) or the end of the penis, which may be associated with thrush"
95,Mycoten Vaginal Cream 35G,Medications And Treatments,Yeast Infections,https://i.postimg.cc/KvH5PK1b/mycoten-vaginal-cream.jpg,"#2,100.00","used to treat fungal skin infections such as ringworm, athlete's foot, fungal nappy rash and fungal sweat rash. It is also used to relieve irritation of the vulva (external thrush) or the end of the penis, which may be associated with thrush"
96,Omeprazole 20Mg * 28 Caps (Sandoz),Medications And Treatments,Yeast Infections,https://i.postimg.cc/Y9Xp5zxR/OMEPRAZOLE-28-MG.jpg,"#7,000.00",It helps to relieve symptoms including bloating and chest pain by reducing stomach acid for up to 72 hours.
97,Gyno Daktarin Vaginal Cream,Medications And Treatments,Yeast Infections,https://i.postimg.cc/1t16QRWX/daktarin-cream-removebg-preview.png,"#6,000.00","is used in the treatment of fungal and associated bacterial infections of the skin. Skin infections may appear on the hands, feet, outer ear, trunk or groin and include athlete's foot, dhobie itch and intertrigo. Daktarin 2% Cream is also effective against infected nappy rash."
98,Gaviscon Double Action Liquid 150Ml,Medications And Treatments,"Antacids , Laxatives And Ulcers",https://i.postimg.cc/CMjVv6XP/Gaviscon-Advance-Aniseed-Flavour-150-Ml.jpg,"#7,300.00","provides dual relief from heartburn and indigestion symptoms and is formulated to work in two ways. It not only creates a protective barrier over your stomach to stop refluxing acid causing discomfort, it also neutralises excess stomach acid."
99,Gaviscon Liquid 200Ml (Peppermint),Medications And Treatments,"Antacids , Laxatives And Ulcers","https://onemg.gumlet.io/l_watermark_346,w_480,h_480/a_ignore,w_480,h_480,c_fit,q_auto,f_auto/h3jfihbixcxgl4lq3jg8.jpg","#6,950.00","provides dual relief from heartburn and indigestion symptoms and is formulated to work in two ways. It not only creates a protective barrier over your stomach to stop refluxing acid causing discomfort, it also neutralises excess stomach acid."
100,Gascol Antacid Suspension 150Ml (Banana),Medications And Treatments,"Antacids , Laxatives And Ulcers",https://images.deliveryhero.io/image/menus-glovo/products/ecfdea8f711d3b72595c0f5f5a9c99446442243313a5700b1af7a57beeec0f00?t=W3siYXV0byI6eyJxIjoibG93In19LHsicmVzaXplIjp7IndpZHRoIjo2MDB9fV0=,"#1,050.00","provides dual relief from heartburn and indigestion symptoms and is formulated to work in two ways. It not only creates a protective barrier over your stomach to stop refluxing acid causing discomfort, it also neutralises excess stomach acid."
101,Gascol Sugar Free Susp 150Ml,Medications And Treatments,"Antacids , Laxatives And Ulcers",https://i.postimg.cc/2SJVkjtZ/Gascol-Sugar-Free-Susp-150-Ml-1.jpg,"#1,050.00","provides dual relief from heartburn and indigestion symptoms and is formulated to work in two ways. It not only creates a protective barrier over your stomach to stop refluxing acid causing discomfort, it also neutralises excess stomach acid."
102,Gaviscon Double Action * 24 Mixed Berries,Medications And Treatments,"Antacids , Laxatives And Ulcers",https://i.postimg.cc/8ktkkPJz/Gaviscon-DOUBLE-Action-24-Mixed-Berries.jpg,"#9,700.00","provides dual relief from heartburn and indigestion symptoms and is formulated to work in two ways. It not only creates a protective barrier over your stomach to stop refluxing acid causing discomfort, it also neutralises excess stomach acid."
103,Gaviscon Double Action * 12 Mixed Berries,Medications And Treatments,"Antacids , Laxatives And Ulcers",https://i.postimg.cc/kgPpkWJ6/Gaviscon-DOUBLE-Action-12-Mixed-Berries.jpg,"#6,200.00","provides dual relief from heartburn and indigestion symptoms and is formulated to work in two ways. It not only creates a protective barrier over your stomach to stop refluxing acid causing discomfort, it also neutralises excess stomach acid."
104,Gaviscon Double Action Tab* 24 (Mint),Medications And Treatments,"Antacids , Laxatives And Ulcers",https://i.postimg.cc/SxQqY7ZZ/Gaviscon-Double-Action-Tab-24-Mint.jpg,"#9,400.00","provides dual relief from heartburn and indigestion symptoms and is formulated to work in two ways. It not only creates a protective barrier over your stomach to stop refluxing acid causing discomfort, it also neutralises excess stomach acid."
105,Gaviscon Advance (Aniseed Flavour) 150Ml,Medications And Treatments,"Antacids , Laxatives And Ulcers",https://i.postimg.cc/KvM7SVjQ/Gaviscon-Double-Action-Liquid-150-Ml-Photo-Room-png-Photo-Room.png,"#11,300.00","provides dual relief from heartburn and indigestion symptoms and is formulated to work in two ways. It not only creates a protective barrier over your stomach to stop refluxing acid causing discomfort, it also neutralises excess stomach acid."
106,Phillips Milk Of Magnesia 200Ml(M. Free),Medications And Treatments,"Antacids , Laxatives And Ulcers",https://i.postimg.cc/G3j5T0ZC/Phillips-Milk-Of-Magnesia-200-Ml-M-Free.jpg,"#9,450.00","provides dual relief from heartburn and indigestion symptoms and is formulated to work in two ways. It not only creates a protective barrier over your stomach to stop refluxing acid causing discomfort, it also neutralises excess stomach acid."
107,Phillips Milk Of Magnesia 118Ml(C. Free),Medications And Treatments,"Antacids , Laxatives And Ulcers",https://i.postimg.cc/fyW5fL6h/Phillips-Milk-Of-Magnesia-118-Ml-C-Free.jpg,"#5,000.00","provides dual relief from heartburn and indigestion symptoms and is formulated to work in two ways. It not only creates a protective barrier over your stomach to stop refluxing acid causing discomfort, it also neutralises excess stomach acid."
108,Ulgicid Antacid Susp 200Ml(Mint Flavour),Medications And Treatments,"Antacids , Laxatives And Ulcers",https://i.postimg.cc/mrxw6V0j/Ulgicid-Antacid-Susp-200-Ml-Mint-Flavour.png,"#2,300.00","provides dual relief from heartburn and indigestion symptoms and is formulated to work in two ways. It not only creates a protective barrier over your stomach to stop refluxing acid causing discomfort, it also neutralises excess stomach acid."
109,Polygel Rapid Relief Susp 200Ml(Mint,Medications And Treatments,"Antacids , Laxatives And Ulcers",https://i.postimg.cc/8CDv6Y22/Polygel-Rapid-Relief-Susp-200-Ml-Mint.jpg,"#1,200.00","provides dual relief from heartburn and indigestion symptoms and is formulated to work in two ways. It not only creates a protective barrier over your stomach to stop refluxing acid causing discomfort, it also neutralises excess stomach acid."
110,Supermag Antiacid 200Ml,Medications And Treatments,"Antacids , Laxatives And Ulcers",https://i.postimg.cc/hvJQnRmd/Supermag-Antiacid-200-Ml.jpg,#950.00,"provides dual relief from heartburn and indigestion symptoms and is formulated to work in two ways. It not only creates a protective barrier over your stomach to stop refluxing acid causing discomfort, it also neutralises excess stomach acid."
111,Andrews Liver Salt Original* Satchet,Medications And Treatments,"Antacids , Laxatives And Ulcers",https://encrypted-tbn0.gstatic.com/images?q=tbn:ANd9GcS_9-oWPXBZKptIa7NslHH1hid64ZWukYmErQAndusqp=CAU,#100.00,Provides effective relief from indigestion
112,Andrews Liver Salt Lemon*Satchet,Medications And Treatments,"Antacids , Laxatives And Ulcers",https://images.deliveryhero.io/image/menus-glovo/products/2ef3424dd3f57a9673c868b207dac51638f4f9b41951cc4dcd1ac551b0939d3f?t=W3siYXV0byI6eyJxIjoibG93In19LHsicmVzaXplIjp7IndpZHRoIjo2MDB9fV0=,#100.00,Provides effective relief from indigestion
113,Pepto-Bismol 118Ml,Medications And Treatments,"Antacids , Laxatives And Ulcers",https://encrypted-tbn0.gstatic.com/images?q=tbn:ANd9GcTFB7BvoYuMh_8gmUnotJY4HToTEeyrtVnbngAndusqp=CAU,"#5,700.00","provides dual relief from heartburn and indigestion symptoms and is formulated to work in two ways. It not only creates a protective barrier over your stomach to stop refluxing acid causing discomfort, it also neutralises excess stomach acid."
114,Tums Assorted Berries* 72,Medications And Treatments,"Antacids , Laxatives And Ulcers",https://i.postimg.cc/2yqvSMKm/tums-assorted-berries-72.jpg,"#11,800.00","For fast relief of acid indigestion, heartburn, sour stomach and upset stomach associated with these symptoms. Neutralizes excess stomach acid to give fast relief."
115,Rulox Antacid Suspension 100Ml,Medications And Treatments,"Antacids , Laxatives And Ulcers",https://i.postimg.cc/FHvZTF6L/Rulox-Antacid-Suspension-200-Ml.jpg,"#1,350.00","For fast relief of acid indigestion, heartburn, sour stomach and upset stomach associated with these symptoms. Neutralizes excess stomach acid to give fast relief."
116,Imodium * 6 Caps (Local),Medications And Treatments,Stomach And Bowel,https://images.deliveryhero.io/image/menus-glovo/products/89bb27c81a82578f012a39999954bd74107d6e39d256715f4197a69f8d66770f?t=W3siYXV0byI6eyJxIjoibG93In19LHsicmVzaXplIjp7IndpZHRoIjo2MDB9fV0=,"#2,800.00","Effective relieve from diarrhoea , it restores your body's natural rhythm and help your body retain water"
117,Ibuprofen 400Mg * 7 Strips,Medications And Treatments,Stomach And Bowel,https://i.postimg.cc/508yKJTX/ibuprofen-400mg-7strips-Photo-Room-png-Photo-Room.png,#750.00,"For the relief of mild to moderate pain including rheumatic or muscular pain, pain of non-serious arthritic conditions, backache, headache, dental pain, migraine, neuralgia, dysmenorrhoea, feverishness and for the relief of symptoms of colds and influenza. For oral administration and short-term use only.
More"
118,Piriton Allergy *30 Tabs,Medications And Treatments,Allergy And Asthma,https://i.postimg.cc/JnCL65BL/Whats-App-Image-2023-11-02-at-13-01-42-c2167b41-Photo-Room-png-Photo-Room.png,"#8,200.00","They relieve itchiness, redness, swelling, tenderness and irritation associated with many allergic skin problems. Piriton Allergy Tablets also relieves the itchy skin rash of chickenpox"
119,Umec Adhesive Plaster * 100,Medications And Treatments,Fast Dressing,https://i.postimg.cc/bNnYhXn6/umec-adhesive-Photo-Room-png-Photo-Room.png,#50.00,for treating wounds
120,Plaster First-Aid Dressing * 100 Strips,Medications And Treatments,Fast Dressing,https://i.postimg.cc/V69jJvnR/PLASTER-FIRST-AID-DRESSING-100-STRIP.jpg,#50.00,for treating wounds
121,Syringe 2Ml * 100 Strips,Medications And Treatments,Fast Dressing,https://i.postimg.cc/JnPccrWK/SYRINGE-2-ML-Photo-Room-png-Photo-Room.png,#50.00,Syringe
122,Syringe 5Ml * 100 Strips,Medications And Treatments,Fast Dressing,https://i.postimg.cc/bvqt67g5/SYRINGE-5-ML-Photo-Room-png-Photo-Room.png,#100.00,Syringe
123,Syringe 10Ml * 100 Strips,Medications And Treatments,Fast Dressing,https://i.postimg.cc/Kc1JrTRM/SYRINGLE-10-ML-Photo-Room-png-Photo-Room.png,#150.00,Syringe
124,Crepe Bandage 10Cm X 4.5M(M/S),Medications And Treatments,Fast Dressing,https://i.postimg.cc/J7cpg1PT/CREPE-BANDAGE-10-CM-4-5-M-M-or-S-Photo-Room-png-Photo-Room.png,#500.00,for treating wounds
125,Cotton Bandage 15Cm *4.5M,Medications And Treatments,Fast Dressing,https://i.postimg.cc/J7cpg1PT/CREPE-BANDAGE-10-CM-4-5-M-M-or-S-Photo-Room-png-Photo-Room.png,#750.00,for treating wounds
126,Crepe Bandage 7.5Cm*4.5M,Medications And Treatments,Fast Dressing,https://encrypted-tbn0.gstatic.com/images?q=tbn:ANd9GcT531e08_iCuCpYLgl3RtVp2Z4HLY_evbxKWdYCx75Z_sdk4loh7C5hhcmKisu--y-CDaoAndusqp=CAU,#300.00,for treating wounds
127,Crepe Bandage 15Cm X 4.5M(B/S),Medications And Treatments,Fast Dressing,https://i.postimg.cc/15PMxjvp/crepe-bandage-4-5-cm.jpg,#800.00,for treating wounds
128,Roll Plaster 2.5Cm * 5Cm,Medications And Treatments,Fast Dressing,https://i.postimg.cc/6qKVX8f9/roll-plaster-that-is-2-5cm-5cm-Photo-Room-png-Photo-Room.png,"#1,000.00",for treating wounds
129,Moko Methylated Spirit,Medications And Treatments,Fast Dressing,https://images.deliveryhero.io/image/menus-glovo/products/64c8fc430cdce061582ef1dbcb1609009ab53d1e344e9625d995e1621f2e51cf?t=W3siYXV0byI6eyJxIjoibG93In19LHsicmVzaXplIjp7IndpZHRoIjo2MDB9fV0=,"#1,200.00",for treating wounds
130,Marklint Cotton Wool 250G,Medications And Treatments,Fast Dressing,https://images.deliveryhero.io/image/menus-glovo/products/ade6ae6f10b8fa66fbcd11368f40cb6f1067e223d7bd104170c935808f30eb83?t=W3siYXV0byI6eyJxIjoibG93In19LHsicmVzaXplIjp7IndpZHRoIjo2MDB9fV0=,#300.00,for treating wounds
131,Elastoplast Water Resistant * 20,Medications And Treatments,Fast Dressing,https://i.postimg.cc/9fTqQWMz/Elastoplast-Water-Resistant-20.webp,"#5,950.00",These plasters are especially developed for sensitive skin and are very skin friendly and hypoallergenic. The Elastoplast Aqua Protect and Aqua Protect XL/XXL strips as well as the Fast Healing Plasters are waterproof and will not go off while washing or showering.
132,Unisal Normal Saline Infusion 500Ml,Medications And Treatments,Fast Dressing,https://i.postimg.cc/L8PszxMb/unisal-normal-saline-infusion.jpg,"#1,100.00",is used for the treatment of electrolyte imbalance due to dehydration and salt depletion.
133,Bunto Multivitamin Cap * 30,Medications And Treatments,Blood Tonic And Worm Expellant,https://i.postimg.cc/MpzWQqdv/Bunto-Multivitamin-Cap-30.jpg,#800.00,"Works by supplementing your body's iron levels. It directly contributes to the production of hemoglobin, a protein in your red blood cells that allows them to carry oxygen around the body. This helps combat feelings of tiredness and weakness often associated with low hemoglobin levels."
134,Bunto Blood Tonic 1Ltr,Medications And Treatments,Blood Tonic And Worm Expellant,https://i.postimg.cc/q7Vxmfwm/chemiron-1000ml-original-Photo-Room-png-Photo-Room.png,"#2,400.00","Works by supplementing your body's iron levels. It directly contributes to the production of hemoglobin, a protein in your red blood cells that allows them to carry oxygen around the body. This helps combat feelings of tiredness and weakness often associated with low hemoglobin levels.
More"
135,Chemiron Blood Tonic 1000Ml,Medications And Treatments,Blood Tonic And Worm Expellant,https://i.postimg.cc/gjGMKS5q/Chemiron-Blood-Tonic-1000-Ml.jpg,"#2,500.00","Works by supplementing your body's iron levels. It directly contributes to the production of hemoglobin, a protein in your red blood cells that allows them to carry oxygen around the body. This helps combat feelings of tiredness and weakness often associated with low hemoglobin levels.
More"
136,Feroglobin Syrup 200Ml,Medications And Treatments,Blood Tonic And Worm Expellant,https://i.postimg.cc/dQL4nKKY/Feroglobin-Syrup-200-Ml.jpg,"#5,700.00","Used for treatment of anemia, Strength and physical endurance, Vitamin b 12 deficiencies, Liver diseases, Detoxification from the body, Chronic fatigue syndrome, Liver function, Liver damage, Muscle development"
137,Feroglobin * 30 Caps,Medications And Treatments,Blood Tonic And Worm Expellant,https://images.deliveryhero.io/image/menus-glovo/products/70261df38d0655ec92ba72ecb59af71b7999281e226d52cf6bea096a6fc851bb?t=W3siYXV0byI6eyJxIjoibG93In19LHsicmVzaXplIjp7IndpZHRoIjo2MDB9fV0=,"#7,200.00","Used for treatment of anemia, Strength and physical endurance, Vitamin b 12 deficiencies, Liver diseases, Detoxification from the body, Chronic fatigue syndrome, Liver function, Liver damage, Muscle development"
138,Floradix Liq Iron And Vit Formula 250Ml,Medications And Treatments,Blood Tonic And Worm Expellant,https://i.postimg.cc/Wb52gxK8/FLORADIX-LIQ-IRON-VIT-FORMULA-250-ML-Photo-Room-png-Photo-Room-1.png,"#22,800.00","Used for treatment of anemia, Strength and physical endurance, Vitamin b 12 deficiencies, Liver diseases, Detoxification from the body, Chronic fatigue syndrome, Liver function, Liver damage, Muscle development"
139,Floradix Liq Iron And Vit Formula 500Ml,Medications And Treatments,Blood Tonic And Worm Expellant,https://i.postimg.cc/2SB1XVXY/FLORADIX-LIQ-IRON-VIT-FORMULA-500-ML-Photo-Room-png-Photo-Room.png,"#33,700.00","Used for treatment of anemia, Strength and physical endurance, Vitamin b 12 deficiencies, Liver diseases, Detoxification from the body, Chronic fatigue syndrome, Liver function, Liver damage, Muscle development"
140,Astyfer Blood Builder Liquid 200Ml,Medications And Treatments,Blood Tonic And Worm Expellant,https://i.postimg.cc/WbYZyRNG/astyfer.jpg,"#3,250.00","Used for treatment of anemia, Strength and physical endurance, Vitamin b 12 deficiencies, Liver diseases, Detoxification from the body, Chronic fatigue syndrome, Liver function, Liver damage, Muscle development"
141,Astyfer * 30 Caps,Medications And Treatments,Blood Tonic And Worm Expellant,https://i.postimg.cc/MT0R3vHH/Astyfer-30-Caps.jpg,"#3,000.00","Used for treatment of anemia, Strength and physical endurance, Vitamin b 12 deficiencies, Liver diseases, Detoxification from the body, Chronic fatigue syndrome, Liver function, Liver damage, Muscle development"
142,De-Deon Syrup 150Ml,Medications And Treatments,Blood Tonic And Worm Expellant,https://i0.wp.com/nettpharmacy.com/wp-content/uploads/2021/08/1602866978292-lg.jpg?fit=300%2C300Andssl=1,"#2,000.00","Used for treatment of anemia, Strength and physical endurance, Vitamin b 12 deficiencies, Liver diseases, Detoxification from the body, Chronic fatigue syndrome, Liver function, Liver damage, Muscle development"
143,De-Deon Syrup 280Ml,Medications And Treatments,Blood Tonic And Worm Expellant,https://precious-pharmacy.com/cdn/shop/products/Artboard91_503x503.png?v=1597150528,"#3,000.00","Used for treatment of anemia, Strength and physical endurance, Vitamin b 12 deficiencies, Liver diseases, Detoxification from the body, Chronic fatigue syndrome, Liver function, Liver damage, Muscle development"
144,Feroglobin Liquid Plus 200Ml,Medications And Treatments,Blood Tonic And Worm Expellant,https://encrypted-tbn0.gstatic.com/images?q=tbn:ANd9GcTPWZmE_pvM0HcknZ-8Rut3GYysz7arz3QCtwAndusqp=CAU,"#15,450.00","Used for treatment of anemia, Strength and physical endurance, Vitamin b 12 deficiencies, Liver diseases, Detoxification from the body, Chronic fatigue syndrome, Liver function, Liver damage, Muscle development"
145,Chemiron Blood Tonic 200Ml,Medications And Treatments,Blood Tonic And Worm Expellant,https://i.postimg.cc/gcMy526P/Chemiron-Blood-Tonic-200-Ml.jpg,#800.00,"works by supplementing your body's iron levels. It directly contributes to the production of hemoglobin, a protein in your red blood cells that allows them to carry oxygen around the body. This helps combat feelings of tiredness and weakness often associated with low hemoglobin levels.
More"
146,Kalms Sleep * 50 Tabs,Sedatives And Anti- Anxiety,Sedatives And Anti- Anxiety,https://c8.alamy.com/comp/CR1ENK/a-packet-of-kalms-sleep-pills-CR1ENK.jpg,"#5,000.00",Used for the temporary relief of sleep disturbances
147,Kalms Night* 50 Tabs,Sedatives And Anti- Anxiety,Sedatives And Anti- Anxiety,https://glovoapp.com/images/svg/product/general.svg,"#7,500.00",Used for the temporary relief of sleep disturbances
148,Nytol 25Mg *20,Sedatives And Anti- Anxiety,Sedatives And Anti- Anxiety,https://i.postimg.cc/2SYR0VVn/Nytol-25mg-20.jpg,"#10,200.00",Used for the temporary relief of sleep disturbances
149,Nytol 50Mg *20,Sedatives And Anti- Anxiety,Sedatives And Anti- Anxiety,https://i.postimg.cc/VNrN8JW5/nytol-50mg-20tab.jpg,"#14,500.00",Used for the temporary relief of sleep disturbances
150,Sominex *8Tab,Sedatives And Anti- Anxiety,Sedatives And Anti- Anxiety,https://i.postimg.cc/HsPtmSpM/sominex.jpg,"#5,300.00",Used for the temporary relief of sleep disturbances
151,Panadol Night*20,Sedatives And Anti- Anxiety,Sedatives And Anti- Anxiety,"https://static.wixstatic.com/media/ffa4cf_d4b8040267f84f388f0d0a34124e5418~mv2.png/v1/fill/w_480,h_384,al_c,q_85,usm_0.66_1.00_0.01,enc_auto/ffa4cf_d4b8040267f84f388f0d0a34124e5418~mv2.png","#10,500.00",Used for the temporary relief of sleep disturbances
152,Sominex *16Tab,Sedatives And Anti- Anxiety,Sedatives And Anti- Anxiety,https://pics.walgreens.com/prodimg/491076/450.jpg,"#7,500.00",Used for the temporary relief of sleep disturbances
153,Panadol Night*24,Sedatives And Anti- Anxiety,Sedatives And Anti- Anxiety,https://i.postimg.cc/6pcLwXqB/Panadol-night-24.jpg,"#8,000.00",Used for the temporary relief of sleep disturbances
154,Force Factor Somnapure *120Gummies(Dream Berry),Sedatives And Anti- Anxiety,Sedatives And Anti- Anxiety,https://i.postimg.cc/XJp5ysMP/somto-nwanyi.jpg,"#40,000.00","Somnapure helps you fall asleep quickly, maintain high-quality sleep, and allows you to wake up feeling refreshed. Giving you peace of mind, Somnapure' s naturally occurring ingredients are non-habit forming and won't leave you feeling groggy the next day."
155,Force Factor Somnapure Time Release *30Caps,Sedatives And Anti- Anxiety,Sedatives And Anti- Anxiety,https://target.scene7.com/is/image/Target/GUEST_3dea6a1a-a6d1-4ea7-ab77-6ad922cc97c1,"#19,000.00","Somnapure helps you fall asleep quickly, maintain high-quality sleep, and allows you to wake up feeling refreshed. Giving you peace of mind, Somnapure' s naturally occurring ingredients are non-habit forming and won't leave you feeling groggy the next day."
156,Astymin * 20 Caps,Multivitamins And Supplements,Female Multivitamins And Supplements,https://i.postimg.cc/tT122mzW/astymin-30caps-original.jpg,"#4,200.00","A nutritional supplement containing vitamins and amino acids that is helpful in the treatment of weakness, overtiredness, lethargy, poor immunity and irritability"
157,Astymin Liquid 200Ml,Multivitamins And Supplements,Female Multivitamins And Supplements,https://precious-pharmacy.com/cdn/shop/products/Artboard37.png?v=1597148289,"#3,250.00","A nutritional supplement containing vitamins and amino acids that is helpful in the treatment of weakness, overtiredness, lethargy, poor immunity and irritability"
158,Haliborange 1000Mg * 20 Eff(Blackcurrant,Multivitamins And Supplements,Female Multivitamins And Supplements,https://images.yaoota.com/bulgDsyutyq0hpjnPug0Qf6ptZM=/trim/yaootaweb-production-ke/media/crawledproductimages/ad27c3e848914be158ed89fed80bdd0b749ce798.jpg,"#8,400.00","Haliborange vitamin C blackcurrant effervescent tablets help maintain a healthy immune system, helps support a healthy nervous system."
159,Immun-Activ 1000Mg Vitamin C Plus Zinc *100,Multivitamins And Supplements,Female Multivitamins And Supplements,https://images.deliveryhero.io/image/menus-glovo/products/9bedab80e9a7db78e550b0583a4586d27e1c0c0343636da468b707a986a5e98f?t=W3siYXV0byI6eyJxIjoibG93In19LHsicmVzaXplIjp7IndpZHRoIjo2MDB9fV0=,"#11,500.00",Vitamin C and zinc each benefit various systems in the body but they both support the immune system and reduce the risk of disease. Taking these two nutrients together gives a joint boost to your immune system.
160,Superlife Stc 30 1200Mg *15 Sachets,Multivitamins And Supplements,Female Multivitamins And Supplements,https://images.yaoota.com/beGLyJn59sGMVTx6gUXpziNebyM=/trim/yaootaweb-production-ng/media/crawledproductimages/7fdc5f09dfac7d8c326ef401dc46214cf85230d6.jpg,"#40,500.00","A natural food health supplement that is taken sublingually, i.e. applied under the tongue (allowing immediate absorption of 95% of its nutrients). It is herbal food therapy. It is a product ahead of its time that uses stem cells to manage, prevent or treat several health problems.
More"
161,Trevo Drink 473.15Ml,Multivitamins And Supplements,Female Multivitamins And Supplements,https://images.yaoota.com/v62qZz7z5QPoAKPpo6-hUp8JUs0=/trim/yaootaweb-production-ng/media/crawledproductimages/94d013c078918de8d000df519313f31fa50c639b.jpg,"#36,500.00","TrÃ©vo provides your body with essential vitamins and minerals, vital trace minerals, amino acids, essential fatty acids, powerful antioxidants, digestive enzymes and Co-Enzyme Q10."
162,Live Pure Cleanse * 30 Caps,Multivitamins And Supplements,Female Multivitamins And Supplements,https://ng.jumia.is/unsafe/fit-in/500x500/filters:fill(white)/product/28/739868/1.jpg?4916,"#8,400.00","Formulated with cleansing herbs that work by simply â€œup-regulatingâ€ your body's natural detoxification functions, and they're not designed to require constant bathroom trips."
163,Apetamin Syrup 200Ml,Multivitamins And Supplements,Female Multivitamins And Supplements,https://images.deliveryhero.io/image/menus-glovo/products/78f89a677a19e9204aec1f5b8bc731ec8d23cecfc51202eaacd830184d2a128d?t=W3siYXV0byI6eyJxIjoibG93In19LHsicmVzaXplIjp7IndpZHRoIjo2MDB9fV0=,"#4,750.00","A nutritional supplement containing vitamins and amino acids that is helpful in the treatment of weakness, overtiredness, lethargy, poor immunity and irritability"
164,Neurovit Forte * 10 Strips,Multivitamins And Supplements,Female Multivitamins And Supplements,https://images.deliveryhero.io/image/menus-glovo/products/93becefeadcd8d2fd4babea9e0fd7e937c8d3610e18f002f40f2d5dab3373c2d?t=W3siYXV0byI6eyJxIjoibG93In19LHsicmVzaXplIjp7IndpZHRoIjo2MDB9fV0=,"#1,500.00",". Neurovit softgel capsule is a nutritional supplement containing multivitamins, multiminerals and antioxidants that improve overall health and wellness. It helps to fight infections by boosting immunity and may be used in treating major immune deficiency disorders."
165,Solgar Omega 3-6-9 * 60 Softgels,Multivitamins And Supplements,Female Multivitamins And Supplements,https://images.deliveryhero.io/image/menus-glovo/products/fc3c81d5d5da994c80c4bb7ae8c4afac57d7178bfe0a97f0d05ab07a411a77e8?t=W3siYXV0byI6eyJxIjoibG93In19LHsicmVzaXplIjp7IndpZHRoIjo2MDB9fV0=,"#15,100.00","Helps reduce the risk of heart disease. They have been used along with diet and exercise to help lower levels of a certain blood fat (triglyceride) and to raise levels of ""good"" cholesterol (HDL)."
166,Garden Of Life Vitamin Code Raw Vitamin C 500Mg * 60,Multivitamins And Supplements,Female Multivitamins And Supplements,https://healthplusnigeria.com/cdn/shop/products/133953350-1.jpg?v=1680833748,"#25,000.00","It boosts immunity, improves heart health, bolsters iron absorption, and much more. Vitamin C is an essential nutrient needed for tissue growth, development, and repair."
167,Garden Of Life Vitamin Code Raw Vitamin C 500Mg * 120,Multivitamins And Supplements,Female Multivitamins And Supplements,https://i.postimg.cc/PrpY9Dsz/glife-code.jpg,"#36,000.00","It boosts immunity, improves heart health, bolsters iron absorption, and much more. Vitamin C is an essential nutrient needed for tissue growth, development, and repair."
168,Garden Of Life Women Vitamin Code 50 Plus * 120 Caps,Multivitamins And Supplements,Female Multivitamins And Supplements,https://i.postimg.cc/Lsy5XmnG/Garden-of-Life-Women-Vitamin-Code-50-Plus120-Caps.webp,"#45,350.00","Contains vitamins A, B12, B complex, C, D, E, K, K2, folate, CoQ10, zinc, selenium, and chromium, for breast and thyroid health, bone strength, and cardiovascular support for a healthy heart and blood pressure in the normal range."
169,Ova Boost For Women*120Tab,Multivitamins And Supplements,Female Multivitamins And Supplements,https://ugwellnesspro.com/wp-content/uploads/2021/06/3CFBF134-E721-454A-990C-756351224875-removebg-preview-2.png,"#27,000.00",Helps support healthy ovulation and improves egg quality
170,Garden Of Life Ultra Primal Defense Ultra *60 Ca,Multivitamins And Supplements,Female Multivitamins And Supplements,"https://images-na.ssl-images-amazon.com/images/I/81n1QjHcxTL._AC_UL160_SR160,160_.jpg","#41,900.00","Helps maintain a healthy, balanced immune system which is beneficial to overall health. Contains Bacillus subtilis to support healthy lactic acid bacteria (Bifidobacterium and/or Lactobacillus) count and healthy pH levels in the gut"
171,Garden Of Lifemykind Ashwagandha Stress *60,Multivitamins And Supplements,Female Multivitamins And Supplements,https://i5.walmartimages.com/asr/57636130-3e7f-4b50-bd40-da5bca71b97a_1.5e1fd4fe83aeaaf9bd25d041d71214a3.jpeg,"#25,650.00","Nourishes your adrenal glands, helping your body to manage stress, optimize energy levels and fight fatigue."
172,Garden Of Life Mykind Organic Women'S 40+ *60 Ta,Multivitamins And Supplements,Female Multivitamins And Supplements,https://i5.walmartimages.com/asr/867490b9-797a-4548-a8a2-a89044fe60ee_1.2eca221948784d3ab4646f6a3f9db54a.png,"#50,850.00","Recommended daily value of 16 essential vitamins and minerals to support women's energy, immune system, vitality, and beautiful skin and nails."
173,Garden Of Life Mykind Organics Elderberry Immune*120,Multivitamins And Supplements,Female Multivitamins And Supplements,https://images.deliveryhero.io/image/menus-glovo/products/f893853a9693eb59d829747e458fa9cb168506e2d7e0b7f9da0be2bbbec24f7c?t=W3siYXV0byI6eyJxIjoibG93In19LHsicmVzaXplIjp7IndpZHRoIjo2MDB9fV0=,"#43,000.00","Rich in antioxidants, which can help lower inflammation as well as cholesterol and blood pressure. â€œElderberry's phytonutrients and fiber content helps to lower the amount of cholesterol circulating [in your blood] by binding to [the cholesterol] and expelling it from the body,â€"
174,Basic Supplement Vitamin E 1000Mg,Multivitamins And Supplements,Female Multivitamins And Supplements,https://i.postimg.cc/2SFqn3cS/Basic-supplement-vitamin-e-1000mg-Photo-Room-png-Photo-Room.png,"#10,200.00",Used for treatment of vitamin E deficiency
175,Calgovit Vitamin C * 20 Tab Orange Flavour,Multivitamins And Supplements,Female Multivitamins And Supplements,https://images.deliveryhero.io/image/menus-glovo/products/c9b79d6d2586b8e4e6110d42af73b15f255b547517bd96b41df1d65320652b45?t=W3siYXV0byI6eyJxIjoibG93In19LHsicmVzaXplIjp7IndpZHRoIjo2MDB9fV0=,"#5,100.00",Helps maintain a healthy immune system and support a healthy nervous system.
176,P/P Vitamin C-1000Mg * 100 Caps,Multivitamins And Supplements,Female Multivitamins And Supplements,https://cf.shopee.com.my/file/c54fd5350216a2be49cd5c2d5adb7852,"#9,500.00","t boosts immunity, improves heart health, bolsters iron absorption, and much more. Vitamin C is an essential nutrient needed for tissue growth, development, and repair. An antioxidant, it helps protect cells from free radicalsâ€”unstable molecules that damage cells.4"
177,"Super Immun C Vitamin C, Zinc And Vitamin D3 *100",Multivitamins And Supplements,Female Multivitamins And Supplements,https://images.deliveryhero.io/image/menus-glovo/products/f96061511b2d11db13c8f081d542d459f6a264bbf5d99e89c7fd6ce408cb48ff?t=W3siYXV0byI6eyJxIjoibG93In19LHsicmVzaXplIjp7IndpZHRoIjo2MDB9fV0=,"#10,000.00","Dietary supplement that supports immune health and offers antioxidant support. Sourced from high-quality ingredients, this Nature Made Super C Vitamin C with Zinc and D3 supplement has no artificial flavors."
178,Passent Natural Maca Root 2000Mg *60Tab,Multivitamins And Supplements,Female Multivitamins And Supplements,https://i.postimg.cc/5ts31fCn/passent-natural-Photo-Room-png-Photo-Room-1.png,"#8,050.00","Lowers blood pressure, improves fertility in women and helps to fight symptoms associated with menopause"
179,Livolin Forte,Multivitamins And Supplements,Female Multivitamins And Supplements,https://images.deliveryhero.io/image/menus-glovo/products/83ff76b3e08c90a3e914d45398b9d0119d62fc9073f12a8c8b26c4c0616da70b?t=W3siYXV0byI6eyJxIjoibG93In19LHsicmVzaXplIjp7IndpZHRoIjo2MDB9fV0=,"#6,600.00","Treatment of liver diseases of any origin: acute, sub-acute, chronic hepatitis, cirrhosis, toxic metabolic liver diseases, intoxications (e.g. from drugs), alcoholic fatty liver, pre- and post-operative care especially in liver/gall bladder surgery"
180,Puritan'S Pride Omega-3 Fish Oil 12000Mg,Multivitamins And Supplements,Female Multivitamins And Supplements,https://images.vitaminimages.com/pp/VF/puritanspride/product_images/product_detail/013326.jpg,"#20,000.00","Contribute to typical brain and eye development. They fight inflammation and may help prevent heart disease and a decline in brain function. Because fish oil contains a lot of omega-3s,"
181,Ruzu Herbal Biters 200Ml,Multivitamins And Supplements,Female Multivitamins And Supplements,"https://www-konga-com-res.cloudinary.com/w_auto,f_auto,fl_lossy,dpr_auto,q_auto/media/catalog/product/N/Y/171893_1643485887.jpg","#2,100.00","used to manage impotency, infertility treatment, Relieves over tiredness after sex, Enhances erection quality, prolong sex duration, etc"
182,Centrum Advance *30 Tabs,Multivitamins And Supplements,Female Multivitamins And Supplements,https://images.deliveryhero.io/image/menus-glovo/products/149ba7c8197e0d547ba8da80967b65e7f903fff4a75afa2ba304e61cd1d56282?t=W3siYXV0byI6eyJxIjoibG93In19LHsicmVzaXplIjp7IndpZHRoIjo2MDB9fV0=,"#8,700.00","A complete daily multivitamin formulated with individual vitamins and minerals, including all essential vitamins. Centrum Advance contains nutrients which help fulfill your nutritional needs, help support daily energy release8, support normal immune function1, and assist in the body's metabolism10 of macronutrients.
More"
183,Reload Immunity Formula *120 Tabs,Multivitamins And Supplements,Female Multivitamins And Supplements,https://images.deliveryhero.io/image/menus-glovo/products/e227dd9068e638e7ada77abd176476ad07d8a9bdcc7b766e9dd678c8160031f1?t=W3siYXV0byI6eyJxIjoibG93In19LHsicmVzaXplIjp7IndpZHRoIjo2MDB9fV0=,"#12,000.00","Reload immunity is a premium formula of multivitamins and antioxidants. It is a unique blend of herbs formulated to Boost the immune system, Fortify the body against external stressors and ward off diseases."
184,Revive Active Mastermind * 30 Sachet,Multivitamins And Supplements,Female Multivitamins And Supplements,https://i.postimg.cc/c4jG1NQ1/Revive-Active-Mastermind-30-Sachet.jpg,"#52,000.00","Revive Active contains 8 active ingredients that contribute to the normal function of the Immune System, Vitamin D, Vitamin C and Zinc, along with Vitamin B12, B6, Copper, Folate and Selenium. In addition, every sachet contains 18 other active ingredients to support your energy levels and heart health.
More"
185,Revive Active Ubiquinol Co-Q10* 30 Caps,Multivitamins And Supplements,Female Multivitamins And Supplements,https://i.postimg.cc/nVR6TtSK/Revive-Active-Ubiquinol-Co-Q10-30-Caps.jpg,"#34,500.00","helps reduce swelling in the legs; reduce fluid in the lungs, making breathing easier; and increase exercise capacity in people with heart failure."
186,Revive Active *30 Days,Multivitamins And Supplements,Female Multivitamins And Supplements,https://medplusnig.com/72-large_default/revive-active-30-days.jpg,"#70,000.00","Revive active has a matrix of 6 different B vitamins contribute to a normal energy-yielding metabolism and a reduction in tiredness and fatigue with a combination of 8 active ingredients including Vitamins B12, B6, C, And D, Zinc, Copper, Folate and Selenium all contribute to the normal functioning of the Immune System
More"
187,Revive Active *7 Sachets,Multivitamins And Supplements,Female Multivitamins And Supplements,https://images.deliveryhero.io/image/menus-glovo/products/bb23201c869c561176392151054ee10c320ddb7fb31e12e61f2b511381efc264?t=W3siYXV0byI6eyJxIjoibG93In19LHsicmVzaXplIjp7IndpZHRoIjo2MDB9fV0=,"#18,000.00","Revive active has a matrix of 6 different B vitamins contribute to a normal energy-yielding metabolism and a reduction in tiredness and fatigue with a combination of 8 active ingredients including Vitamins B12, B6, C, And D, Zinc, Copper, Folate and Selenium all contribute to the normal functioning of the Immune System
More"
188,Revive Active Joint Complex * 7 Sachets,Multivitamins And Supplements,Female Multivitamins And Supplements,https://cdn.shopify.com/s/files/1/0273/9267/1819/products/Untitled_design_1_cac3b7bf-fc77-4b38-8571-91b9a147d9ea_1024x1024.png?v=1582130903,"#14,500.00","promotes the health of cartilage, tendons, and ligaments. These essential components work together to help support joint cushioning and maintain the structural integrity of your joints, which is particularly important as you age."
189,Revive Zest Active * 30 Sachets,Multivitamins And Supplements,Female Multivitamins And Supplements,https://medplusnig.com/253-home_default/revive-zest-active--30-sachets.jpg,"#43,000.00","A combination of 8 active ingredients including Vitamins B12, B6, C, And D, Zinc, Copper, Folate and Selenium all contribute to the normal function of the Immune System. Copper contributes to maintenance of normal connective tissues. Magnesium contributes to normal muscle function.
More"
190,Re-Vive 400Mg *10 Caps,Multivitamins And Supplements,Female Multivitamins And Supplements,https://i.postimg.cc/G2QK77hk/400mg-30caps-revival.jpg,"#14,500.00",The main mechanism of the Re-vive capsule is to give a strong erection and eliminate premature ejaculation during sexual intercourse.
191,Wellwoman Multi-Vitamin Gummies * 60,Multivitamins And Supplements,Female Multivitamins And Supplements,"https://www-konga-com-res.cloudinary.com/w_400,f_auto,fl_lossy,dpr_3.0,q_auto/media/catalog/product/N/X/216589_1682704035.jpg","#17,000.00","Wellwoman Gummies include Evening Primrose and Starflower Oils. They also provide vitamin B6 which contributes to the regulation of hormonal activity, plus iron which contributes to the normal formation of red blood cells and haemoglobin, an important consideration during the monthly cycle
More"
192,Wellwoman Max *84 Tabs/Caps,Multivitamins And Supplements,Female Multivitamins And Supplements,https://i.postimg.cc/d0jMMBqR/supplements.webp,"#18,000.00",Wellwoman Max contains 500mg calcium. Calcium is needed to maintain normal bones and teeth. Vitamin D is included in the tablet to work in harmony with the calcium: vitamin D contributes to the normal absorption and utilisation of calcium.
193,Wellwoman Plus Omega 3-6-9 * 56 Capsules,Multivitamins And Supplements,Female Multivitamins And Supplements,https://images.deliveryhero.io/image/menus-glovo/products/856edf049f42c052405f6c390a2fe20b68a7d74d0aa641d307487477a178f51c?t=W3siYXV0byI6eyJxIjoibG93In19LHsicmVzaXplIjp7IndpZHRoIjo2MDB9fV0=,"#18,950.00","Wellwoman Plus contains a comprehensive spectrum of micronutrients for all-round nutritional support including vitamins B6 and B12 which contribute to normal energy release. Folate, pantothenic acid and vitamin B12 also contribute to the reduction of tiredness and fatigue
More"
194,Keep On,Multivitamins And Supplements,Female Multivitamins And Supplements,https://i.postimg.cc/T3FQVtFx/keep-on.jpg,"#6,000.00",Apetitie stimulant and weight gainer
195,Cypri Gold Syrup 200Ml B/S,Multivitamins And Supplements,Female Multivitamins And Supplements,https://i.postimg.cc/28CtyXRX/CYPRI-GOLD-SYRUP-200-ML-B-S.webp,"#1,500.00",Apetitie stimulant
196,Cypri Gold Syrup 100Ml,Multivitamins And Supplements,Female Multivitamins And Supplements,https://images.deliveryhero.io/image/menus-glovo/products/30f86ad384f6b766851eb8a95450e315662a6a9a9d19da36a946a5d2c7059041?t=W3siYXV0byI6eyJxIjoibG93In19LHsicmVzaXplIjp7IndpZHRoIjo2MDB9fV0=,#600.00,Apetitie stimulant
197,Nutriburst Triple Immunity Gummies*60,Multivitamins And Supplements,Female Multivitamins And Supplements,https://i.postimg.cc/1RdSqQBY/triple-immunity.jpg,"#25,000.00","The potent antioxidants in these delicious immunity gummies bring you up to a whole new level of immune support. Avoid sniffles, sick days, and colds in any season by boosting all areas of your body's defenses."
198,Daravit Forte *30 Caps,Multivitamins And Supplements,Female Multivitamins And Supplements,https://www.elbepharma.com/wp-content/uploads/2017/04/Daravit-Forte-x-3-_resized.png,"#5,000.00",It helps to boost the immune system while supplying the needed dietary vitamins and minerals. It increases the general vitality of the body and aids with digestion.
199,Daravit *15 Caps,Multivitamins And Supplements,Female Multivitamins And Supplements,https://i.postimg.cc/dV3jLdRB/daravit-15caps.jpg,"#1,800.00",It helps to boost the immune system while supplying the needed dietary vitamins and minerals. It increases the general vitality of the body and aids with digestion.
200,Daravit Forte *10 Caps,Multivitamins And Supplements,Female Multivitamins And Supplements,https://i.postimg.cc/h4rJWHn3/daravit-forte-10-caps-Photo-Room-png-Photo-Room.png,"#1,800.00",It helps to boost the immune system while supplying the needed dietary vitamins and minerals. It increases the general vitality of the body and aids with digestion.
201,Daravit Woman *30 Caps,Multivitamins And Supplements,Female Multivitamins And Supplements,https://i.postimg.cc/dQxxrjD4/Daravit-Woman-30-Caps.jpg,"#5,700.00",It helps to boost the immune system while supplying the needed dietary vitamins and minerals. It increases the general vitality of the body and aids with digestion.
202,Pregnacare Max+ Omega-3 Dha 300Mg *84,Multivitamins And Supplements,Female Multivitamins And Supplements,https://i.postimg.cc/fRwWVJJv/Pregcare.jpg,"#22,350.00","Pregnacare Plus dual pack provides the original fully comprehensive Pregnacare multivitamin tablet including 400Âµg folic acid plus an Omega-3 capsule to provide a rich source of docosahexaenoic acid (DHA) and eicosapentaenoic acid (EPA). DHA contributes to normal brain and eye development in the foetus
More"
203,Pregnacare Plus Omega-3 * 56,Multivitamins And Supplements,Female Multivitamins And Supplements,https://i.postimg.cc/d02kTLFQ/plus-omega-3.jpg,"#17,300.00","Pregnacare Plus dual pack provides the original fully comprehensive Pregnacare multivitamin tablet including 400Âµg folic acid plus an Omega-3 capsule to provide a rich source of docosahexaenoic acid (DHA) and eicosapentaenoic acid (EPA). DHA contributes to normal brain and eye development in the foetus
More"
204,Pregnacare Original * 30 Tabs,Multivitamins And Supplements,Female Multivitamins And Supplements,https://medplusnig.com/215-large_default/pregnacare-original--30-tabs.jpg,"#12,000.00","A combined supplement specifically for pregnancy like Pregnacare contains important nutrients to support a wide range of areas including iron which contributes to the reduction of tiredness and fatigue, iodine which contributes to normal cognitive development and zinc which contributes to normal reproductive health
More"
205,Force Factor Better Tumeric*12Otab,Multivitamins And Supplements,Female Multivitamins And Supplements,https://i.postimg.cc/L6npZSYV/Force-Factor-Better-Tumeric-120-Tabs.webp,"#19,000.00",Powerful herbal anti-inflammatory for maintaining healthy inflammation response. Clinically studied for heart health support and promotes cognitive function and memory.
206,Makari Oralight Luminesce *60Cap,Multivitamins And Supplements,Female Multivitamins And Supplements,https://i.postimg.cc/hhFFrL4z/makari-orallight-luminesce-60cap.webp,"#27,000.00","Makari Blue Crystal Oralight Luminescence supports the health of skin, promoting a youthful lit from within glow."
207,Perfectil Plantium Skin Radiance * 30Tab,Multivitamins And Supplements,Female Multivitamins And Supplements,https://i.postimg.cc/1tsbKTXP/Perfectil-Skin-Platinum-30-TABS.jpg,"#26,500.00","Supports the health of skin, promoting a youthful lit from within glow."
208,Perfectil Extra Support,Multivitamins And Supplements,Female Multivitamins And Supplements,https://i.postimg.cc/bw60wLNw/perfectil-extra-support.webp,"#18,000.00","Supports the health of skin, promoting a youthful lit from within glow."
209,Nmn Age Defying Compound 450Mg,Multivitamins And Supplements,Female Multivitamins And Supplements,https://i.postimg.cc/kG5Z0bWp/nm-age-defying-compoung-450mg.webp,"#220,000.00","Supports the health of skin, promoting a youthful lit from within glow."
210,Taut Hydrate Hyaluronic Acid AndGrape Seed Extract,Multivitamins And Supplements,Female Multivitamins And Supplements,https://i.postimg.cc/VsjjCzLT/taut-hydrate.webp,"#33,000.00","Supports the health of skin, promoting a youthful lit from within glow."
211,Appeton Weight Gain Nutrition (Vanilla Child),Multivitamins And Supplements,Female Multivitamins And Supplements,https://i.postimg.cc/hPGncTyP/appeton-adult-Photo-Room-png-Photo-Room.png,"#28,000.00","contains a combination of high quality whey and casein which contains all essential amino acids to aid in faster recovery. Sufficient protein intake during illness is essential to: Rebuild cells and body tissues. Promote protein collagen production to effectively heal wounds.
More"
212,Appeton Weight Gain Nutrition (Vanilla Child),Multivitamins And Supplements,Female Multivitamins And Supplements,https://static-01.shop.com.mm/p/a1798c16be584b7c2722be1eee525713.png,"#20,850.00","contains a combination of high quality whey and casein which contains all essential amino acids to aid in faster recovery. Sufficient protein intake during illness is essential to: Rebuild cells and body tissues. Promote protein collagen production to effectively heal wounds.
More"
213,Force Factor Alpha King Supreme *90,Multivitamins And Supplements,Male Multivitamins And Supplements,https://s7.vitaminshoppe.com/is/image/VitaminShoppe/2209971_01?$OP_PDPZOOM$,"#124,850.00","Boost total testosteronE, contains 500mg of AlphaFen, a powerful Fenugreek extract which helps boost total testosterone, decrease estrogen, bolster strength, and improve mood for comprehensive male hormone support."
214,Garden Of Life Men Vitamin Code 50Plus *120 Caps,Multivitamins And Supplements,Male Multivitamins And Supplements,https://i.postimg.cc/RZz95RX6/Garden-of-Life-Men-Vitamin-Code-50-Plus-120-Caps-ORIGINAL-Photo-Room-png-Photo-Room.png,"#50,050.00","Providing select nutrients to support the primary areas of prostate health with added vitamin E, lycopene, selenium and zinc, mental and physical energy with vitamin B complex and chromium, and heart health with vitamin B complex, vitamins C and E, Vitamin Code Men's Formula delivers the ultimate formulation for men
More"
215,Wellman 50+ * 30 Tabs,Multivitamins And Supplements,Male Multivitamins And Supplements,https://medplusnig.com/186-large_default/wellman-50--30-tabs.jpg,"#11,500.00","Wellman 50+ is a daily nutritional safeguard for men in their 50s, 60s and beyond, to help maintain good health and vitality including copper and iron which contribute to normal function of the immune system and energy release. There is no maximum length of time over which Wellman 50+ may be used
More"
216,Wellman Sport * 30 Tabs,Multivitamins And Supplements,Male Multivitamins And Supplements,https://www.u-buy.com.ng/productimg/?image=aHR0cHM6Ly9tLm1lZGlhLWFtYXpvbi5jb20vaW1hZ2VzL0kvNzEwbitXMVZXU0wuX0FDX1NMMTUwMF8uanBn.jpg,"#9,000.00",Wellman Sport has been developed specifically for men training to excel in sports and fitness. Wellman Sport's comprehensive formula helps to maintain optimum levels of nutrition and contains valuable nutrients which can support performance during sport and training.
217,Wellman Plus Omega 3-6-9 * 56 Capsules,Multivitamins And Supplements,Male Multivitamins And Supplements,https://medplusnig.com/193-large_default/wellman-plus-omega--3-6-9--56-capsules.jpg,"#17,000.00","offers a comprehensive formula which includes thiamin (vitamin B1), vitamin B6, copper, iron and zinc which contribute to normal energy release. Plus iron, vitamin B12 and riboflavin (vitamin B2) which contribute to the maintenance of normal red blood cell formation."
218,Wellman * 30 Capsules,Multivitamins And Supplements,Male Multivitamins And Supplements,https://medplusnig.com/185-large_default/wellman--30-capsules.jpg,"#11,000.00",it includes Ginseng and amino acids like L-Arginine that boosts energy release and reduces fatigue.
219,Wellman Max * 84 Tabs/Caps,Multivitamins And Supplements,Male Multivitamins And Supplements,https://i.postimg.cc/2SjRR5jb/Wellman-Max-84-Tabs-Caps.jpg,"#19,000.00","Wellman Max has been scientifically developed for men to contain a wide spectrum of nutrients and trace elements to help safeguard dietary requirements, including calcium for the demands of today's modern lifestyle."
220,Force Factor Longjack Tongkat Ali *30 Ca,Multivitamins And Supplements,Male Multivitamins And Supplements,https://i5.walmartimages.com/seo/Force-Factor-Longjack-Tongkat-Ali-500mg-Vitality-Supplement-for-Men-30-Capsules_6e543a65-04df-477e-bd36-83a7c628b96c.9cc15b89394518893231a301b39355ef.jpeg,"#21,000.00","This 500 mg Longjack Tongkat Ali supplement offers a potent dosage, promoting improved vitality, enhanced energy, and support for overall well-being in just 30 capsules. Many users have appreciated its natural approach to boosting physical performance and stamina."
