ID,Product,Category,Subcategory,Image_URL,Price
1,Durex Extra Safe * 12 Condom(Local),Male Sexual Health,Condoms,https://images.deliveryhero.io/image/menus-glovo/products/1d4bdffc15cec2278aa514690004f1b3238ea518ffefac1acff5c2419ec43dff?t=W3siYXV0byI6eyJxIjoibG93In19XQ==,"#9,050.00"
2,Durex Extra Safe * 3 Condoms,Male Sexual Health,Condoms,https://images.deliveryhero.io/image/menus-glovo/products/3e653f115167660e39dd49809c41630f840907c408ab306d935096c8f38a47dc?t=W3siYXV0byI6eyJxIjoibG93In19LHsicmVzaXplIjp7IndpZHRoIjoxNTAsImhlaWdodCI6MTUwfX1d,"#2,750.00"
3,Durex Fetherlite Elite * 3 Condoms,Male Sexual Health,Condoms,https://i.postimg.cc/FFyg2977/durex-fetherlite-elite-3.jpg,"#4,100.00"
4,DUREX PERFORMA* 3 CONDOMS,Male Sexual Health,Condoms,https://i.postimg.cc/mrDx9gc8/durex-performa-3.webp,"#4,100.00"
5,Durex Pleasure Me * 3 Condom,Male Sexual Health,Condoms,https://images.deliveryhero.io/image/menus-glovo/products/c290fbfd28152bec014bbf3c306f6d8a13118d1da5e20f37de33fb7fa57c24b5?t=W3siYXV0byI6eyJxIjoibG93In19XQ==,"#3,400.00"
6,Durex Select Fruity Flavour *3 Condoms,Male Sexual Health,Condoms,https://images.deliveryhero.io/image/menus-glovo/products/2e745db9e8c0ed4416df8189979034f164136a9a06bd21f0cac6924339f143a2?t=W3siYXV0byI6eyJxIjoibG93In19XQ==,"#2,750.00"
7,Durex Thin Feel  * 6 Condoms,Male Sexual Health,Condoms,https://images.deliveryhero.io/image/menus-glovo/products/47a1da25d088b25a63382031391e5fe5f45506e2db1c30adab1c90772007739c?t=W3siYXV0byI6eyJxIjoibG93In19XQ==,"#13,300.00"
8,Fiesta Chocolate Condoms * 3,Male Sexual Health,Condoms,https://i.postimg.cc/HxC7bFqG/fiesta-chocolate-3-condom.webp,#600.00
9,Fiesta Honey & Banana Condoms * 3,Male Sexual Health,Condoms,https://images.deliveryhero.io/image/menus-glovo/products/3a0efc8c2edfd6581a9df18d0f031589baeee181e3ba31946bc0e92e8b129331?t=W3siYXV0byI6eyJxIjoibG93In19XQ==,#600.00
10,Fiesta Strawberry Condoms * 3,Male Sexual Health,Condoms,https://images.deliveryhero.io/image/menus-glovo/products/908c8b31ea943608e06ae1f88703a9280e306711d91b8eb6d194c9d965438177?t=W3siYXV0byI6eyJxIjoibG93In19XQ==,#600.00
11,Fiesta Xl Condoms * 3,Male Sexual Health,Condoms,https://i.postimg.cc/bN26wsPM/fiesta-xl-3-condom.jpg,#600.00
12,Fire Condoms * 3 (Xtacy),Male Sexual Health,Condoms,https://i.postimg.cc/rsTJfx3c/fire-condom-x-3-xtacy.jpg,#650.00
13,Fire Condoms * 3 (Xtra),Male Sexual Health,Condoms,https://i.postimg.cc/T3Qn6Bsz/fire-condom-x-3-xtra.jpg,#650.00
14,Hot Rider *3 Condom (Hot Passion),Male Sexual Health,Condoms,https://images.deliveryhero.io/image/menus-glovo/products/e816f6c299e56d8c06671232858c56d7211fcce9b553b110ad971f6f7676f486?t=W3siYXV0byI6eyJxIjoibG93In19XQ==,"#4,000.00"
15,Lifestyles Condoms * 3 (Strawberry),Male Sexual Health,Condoms,https://sfhaccess.com/cdn/shop/files/LifestyleStrawberry.png?v=1688081585Andwidth=2200,#650.00
16,Lifestyles Condoms * 3 (Sensitive),Male Sexual Health,Condoms,https://i.postimg.cc/3Nqny6sc/lifestyle-condom-3-sensitive.jpg,#650.00
17,Stripp Afromamba (Vanilla) Condom *3,Male Sexual Health,Condoms,https://images.deliveryhero.io/image/menus-glovo/products/90883cf9843fc7900e1e1821751718d2b448978235c0faba9bf735690c882216?t=W3siYXV0byI6eyJxIjoibG93In19XQ==,"#1,500.00"
18,Stripp Kunyaza (Mint) Condom *3,Male Sexual Health,Condoms,https://i.postimg.cc/mZHvc0N7/stripp-kunyaza-Photo-Room-png-Photo-Room.png,"#1,500.00"
19,Stripp Mandigo Condom *3,Male Sexual Health,Condoms,https://i.postimg.cc/fTJtjTTM/stripp-mandigo-Photo-Room-png-Photo-Room.png,"#1,500.00"
20,Trojan-Enz Lubricated * 3,Male Sexual Health,Condoms,https://images.deliveryhero.io/image/menus-glovo/products/46f745005a50a924671845fbef7f4dc9747548274780cedce6da6c98d080b0ff?t=W3siYXV0byI6eyJxIjoibG93In19XQ==,"#2,300.00"
21,Trojan Fire & Ice * 3,Male Sexual Health,Condoms,https://i.postimg.cc/XvWkKcwY/troj-lubricated.jpg,"#4,200.00"
22,Trojan Magnum Xl Condom *12,Male Sexual Health,Condoms,https://www.supermart.ng/cdn/shop/files/medp8901.jpg?v=1688752068,"#22,500.00"
23,Dkt Postpill 1.5Mg * 1 Tabs,Female Sexual Health,Contraceptives,https://images.deliveryhero.io/image/menus-glovo/products/639d9a0e9d1bdb417a22bdcb45a07af5befbcbb4e1d7132003b9a9db3c0cbda1?t=W3siYXV0byI6eyJxIjoibG93In19LHsicmVzaXplIjp7IndpZHRoIjoxNTAsImhlaWdodCI6MTUwfX1d,"#2,100.00"
24,Ellaone 30Mg *1Tab,Female Sexual Health,Contraceptives,https://cdn.webshopapp.com/shops/148488/files/364557064/ellaone-30-mg-film-coated-tablet-1-pc.jpg,"#53,300.00"
25,Postinor * 2 Tabs,Female Sexual Health,Contraceptives,https://images.deliveryhero.io/image/menus-glovo/products/e4f0984359678e84016304dbdf9ac76e1510d2252bdc0e481987dd13006f3599?t=W3siYXV0byI6eyJxIjoibG93In19LHsicmVzaXplIjp7IndpZHRoIjoxNTAsImhlaWdodCI6MTUwfX1d,"#2,450.00"
26,Primolut N 5Mg * 30Tabs,Female Sexual Health,Contraceptives,https://www.assetpharmacy.com/wp-content/uploads/2017/09/Primolut-N-Tablets-30-Tablets-1-1200x630-cropped.jpg,"#10,500.00"
27,Spanish Fliege,Female Sexual Health,Contraceptives,https://i.postimg.cc/NjmQVPsR/SPANISH-FLIEGE-Photo-Room-png-Photo-Room.png,"#8,250.00"
28,Durex Play 2 In 1 Massage 200Ml(Aloe Ver,Female Sexual Health,Lubricants,https://i0.wp.com/bazaarica.com/wp-content/uploads/2021/04/Durex-Play-Aloe-Vera-2-in-1-Massage-Gel-200-ml-1.jpg?fit=969%2C969Andssl=1,"#13,300.00"
29,Durex Play Tingling 50Ml,Female Sexual Health,Lubricants,https://images.deliveryhero.io/image/menus-glovo/products/6ae188f198935e37285b4264a9208efc53f92a4ecc4a6662116ace0447f2a462?t=W3siYXV0byI6eyJxIjoibG93In19XQ==,"#10,950.00"
30,Ky Jelly Personal Lubri. 75Ml,Female Sexual Health,Lubricants,https://i.postimg.cc/TYNbN70y/KY-JELLY-LUBRICANT-75-ML-Photo-Room-png-Photo-Room.png,"#11,550.00"
31,Ky Jelly Uk 50Ml,Female Sexual Health,Lubricants,https://images.deliveryhero.io/image/menus-glovo/products/8e9a7ebe0984549c7c2e9795e3e2af27fbd116946b7c3b56af9462a60f0eb1d5?t=W3siYXV0byI6eyJxIjoibG93In19XQ==,"#9,000.00"
32,Ky Lubricating Jelly 82G,Female Sexual Health,Lubricants,https://images.deliveryhero.io/image/menus-glovo/products/8af11585b901a7df5acd857274ac04576814131fd511770a34504af762234302?t=W3siYXV0byI6eyJxIjoibG93In19XQ==,"#8,700.00"
33,Sensual Lubricating Jelly 42G,Female Sexual Health,Lubricants,https://images.deliveryhero.io/image/menus-glovo/products/788fc372be4e7d23281f8647e050ce351257c123ae34a7f7ebae306150dbf5ee?t=W3siYXV0byI6eyJxIjoibG93In19XQ==,"#3,300.00"
34,Predicte Pregnancy * 2 Tests,Female Sexual Health,Pregnancy Test Kit,https://images.deliveryhero.io/image/menus-glovo/products/19de0b7e29bd567c1f06ed758e93d808e0c31c9a8663d82fe44c323bd893740d?t=W3siYXV0byI6eyJxIjoibG93In19LHsicmVzaXplIjp7IndpZHRoIjoxNTAsImhlaWdodCI6MTUwfX1d,"#1,650.00"
35,Canesten Thrush Cream 20G,Female Sexual Health,"Creams, Pessaries & Probiotics",https://i.postimg.cc/3RbRMtZp/image.png,"#21,800.00"
36,G/Life Urinary Tract+ 50 Billion *60Caps,Female Sexual Health,"Creams, Pessaries & Probiotics",https://m.media-amazon.com/images/I/81cPB6eVgmS._AC_SY450_.jpg,"#91,300.00"
37,Gyno Daktarin Vag.Cream 40G,Female Sexual Health,"Creams, Pessaries & Probiotics",https://i.postimg.cc/HsRZJ9Qz/image-removebg-preview-8.jpg,"#17,500.00"
38,Klovinal * 6 Vaginal Passaries,Female Sexual Health,"Creams, Pessaries & Probiotics",https://images.deliveryhero.io/image/menus-glovo/products/433d0ac0618f010679f82868313e50a3b1f5b7c96ae3a9099bc9dad93cd51353?t=W3siYXV0byI6eyJxIjoibG93In19XQ==,"#4,850.00"
39,Mycoten Vagina Cream 35G,Female Sexual Health,"Creams, Pessaries & Probiotics",https://images.deliveryhero.io/image/menus-glovo/products/59a7f238531f2384b6de4acee02e333e704086361f50fe42d09173c534dc00ec?t=W3siYXV0byI6eyJxIjoibG93In19LHsicmVzaXplIjp7IndpZHRoIjoxNTAsImhlaWdodCI6MTUwfX1d,"#2,250.00"
40,Polygynax Vaginal Caps *12,Female Sexual Health,"Creams, Pessaries & Probiotics",https://i.postimg.cc/SQf4zT9G/image.png,"#17,850.00"
41,Advanced Clinicals Vit C Serum 52Ml,Skin Care,Skin Serums & Oils,https://i.postimg.cc/Fs252rTs/image.png,"#18,900.00"
42,Axis-Y Dark Spot Correcting Glow Serum,Skin Care,Skin Serums & Oils,https://i.postimg.cc/3JpYr04D/image.png,"#18,250.00"
43,Bio-Oil 200Ml,Skin Care,Skin Serums & Oils,https://i.postimg.cc/NFmStTJs/image.png,"#30,400.00"
44,Bioderma Pigmentbio Concentrate Correcto,Skin Care,Skin Serums & Oils,https://i.postimg.cc/Dy55XBXV/image.png,"#46,800.00"
45,Cerave Skin Renewing Retinol Serum 30Ml,Skin Care,Skin Serums & Oils,https://i.postimg.cc/xCjQp2BP/cerave-skin-renewal-retinol-30ml-Photo-Room-png-Photo-Room.png,"#25,250.00"
46,Cosrx Advanced Snail 96 Power Essence 10,Skin Care,Skin Serums & Oils,https://i.postimg.cc/wTsTtbPM/image.png,"#16,000.00"
47,Dang Ageless Collagen & Hydrat.Serum 30M,Skin Care,Skin Serums & Oils,https://i.postimg.cc/Kvmn0bgS/dang-collagen-Photo-Room-png-Photo-Room.png,"#10,700.00"
48,Dang Ageless Niacinamide Gluco.Serum 30M,Skin Care,Skin Serums & Oils,https://i.postimg.cc/V6Dy60YJ/Niacinamide-Serum-768x960-jpg.webp,"#9,900.00"
49,Dang Ageless Vitamin C Serum 30Ml,Skin Care,Skin Serums & Oils,https://i.postimg.cc/GhPnjrvN/Ageless-Vitamin-C-Serum-30-Ml-standard.webp,"#10,800.00"
50,Dr Rashel Vitamin C Face Serum 50Ml,Skin Care,Skin Serums & Oils,https://i.postimg.cc/CLmTxCM5/image.png,"#5,100.00"
51,Dr Teal'S Bath & Body Oil 260Ml(Lavender,Skin Care,Skin Serums & Oils,https://i.postimg.cc/hPYH92fm/dr-teal-lavender-oil.webp,"#10,600.00"
52,Good Molecules Niacinamide Serum 30Ml,Skin Care,Skin Serums & Oils,https://images.deliveryhero.io/image/menus-glovo/products/345af64eeb63a20be26fe21bcfa35783a03cf445afa5161001ca8bb57c28ea70?t=W3siYXV0byI6eyJxIjoibG93In19XQ==,"#13,900.00"
53,I/P Unitone 4 White Advanced Serum 15Ml,Skin Care,Skin Serums & Oils,https://i.postimg.cc/zfNcwVG6/image.png,"#53,050.00"
54,La Roche Posay P/Niacinamide 10 Serum 30,Skin Care,Skin Serums & Oils,https://i.postimg.cc/MKkNZP8z/image.png,"#47,000.00"
55,Bioderma Cicabio Spf 50+ Soothing Repair,Skin Care,Sunscreen,https://i.postimg.cc/wBM0S2xr/bioderma-cicabio-3pf-50-30ml-Photo-Room-png-Photo-Room.png,"#27,950.00"
56,Dr Rashel Anti-Aging 60Spf 60G(M/Sun Cre,Skin Care,Sunscreen,https://www.cocci.com.ng/cdn/shop/products/dr1_1024x1024.jpg?v=1659541306,"#4,150.00"
57,Bioderma Sensibio Water Solution 250Ml,Skin Care,"Cleansers, Face Washes & Toners",https://i.postimg.cc/qRDgBGpm/Bioderma-Sensibio-Micellar-water-250ml-Photo-Room-png-Photo-Room-1.png,"#16,350.00"
58,Bioderma Sensibio Water Solution 500Ml,Skin Care,"Cleansers, Face Washes & Toners",https://i.postimg.cc/B6KRhqpr/image.png,"#20,250.00"
59,Bolden S/Brightening Toner*237Ml,Skin Care,"Cleansers, Face Washes & Toners",https://i.postimg.cc/tJ45LfPv/image.png,"#24,300.00"
60,Bolden S/Clarifying Cleanser* 150Ml,Skin Care,"Cleansers, Face Washes & Toners",https://medplusnig.com/90-large_default/bolden-sclarifying-cleanser-150ml.jpg,"#20,600.00"
61,Cerave Blemish Control Cleanser 236Ml,Skin Care,"Cleansers, Face Washes & Toners",https://www.cosmastyle.com/cdn/shop/products/image_2b579bf6-02bd-48c7-a57e-caec6ee0f4f6_grande.jpg?v=1673190584,"#19,200.00"
62,Cerave Foaming Cleanser 236Ml,Skin Care,"Cleansers, Face Washes & Toners",https://i.postimg.cc/V6tLjPC6/image.png,"#15,200.00"
63,Cerave Foaming Facial Cleanser 473Ml,Skin Care,"Cleansers, Face Washes & Toners",https://i.postimg.cc/MK6qGQdX/image.png,"#19,200.00"
64,Cerave H/Cream To Foam Cleanser 236Ml,Skin Care,"Cleansers, Face Washes & Toners",https://i.postimg.cc/2jFLJn15/image.png,"#13,400.00"
65,Cerave Hydrating Cleanser 473Ml,Skin Care,"Cleansers, Face Washes & Toners",https://i.postimg.cc/C5F5Y6Rx/image.png,"#17,150.00"
66,Cerave Hydrating Cleanser 236Ml,Skin Care,"Cleansers, Face Washes & Toners",https://i.postimg.cc/d1vV0hdT/cerave-hydrating-cream-to-foam-cleanser-236-ml-Photo-Room-png-Photo-Room.png,"#13,500.00"
67,Cerave Sa Smoothing Cleanser 236Ml,Skin Care,"Cleansers, Face Washes & Toners",https://i.postimg.cc/Bb5qzGdZ/image-removebg-preview-4.jpg,"#14,450.00"
68,Dang Ageless Azelaic Acid Acne Cont 30Ml,Skin Care,"Cleansers, Face Washes & Toners",https://images.deliveryhero.io/image/menus-glovo/products/c0034de6107fb860c52504719bc992f9d18b55700c8c6c04323b39c39415ef37?t=W3siYXV0byI6eyJxIjoibG93In19XQ==,"#10,800.00"
69,Dr Teal'S Facial Toner 473Ml(Rose Water,Skin Care,"Cleansers, Face Washes & Toners",https://i.postimg.cc/G2kcfZT6/DR-TEAL-S-FACIAL-TONER-473-ML-LAVENDER.webp,"#7,650.00"
70,Samira Whitening Toning Milk 348Ml,Skin Care,"Cleansers, Face Washes & Toners",https://i.postimg.cc/ry9ykk51/image.png,"#234,000.00"
71,Dettol Liquid 165Ml,Skin Care,Antiseptics,https://i.postimg.cc/C5RXGpgW/DETTOL-165-ML-ORIGINAL.webp,"#2,650.00"
72,Dettol Liquid 250Ml,Skin Care,Antiseptics,https://i.postimg.cc/dQgkkTGw/Dettol-Liquid-250-Ml.jpg,"#4,050.00"
73,Dettol Liquid 750Ml,Skin Care,Antiseptics,https://i.postimg.cc/s2td9ymQ/Dettol-Liquid-750-Ml.png,"#9,750.00"
74,Nivea Men Roll On Deo 50Ml(Fresh Active),Skin Care,Body Spray & Deodorant,https://images.deliveryhero.io/image/menus-glovo/products/8e4ab2edad76c7fd9eee723c1efbe1b51e6ca65a8c8cb9acceb2172c8ae833fd?t=W3siYXV0byI6eyJxIjoibG93In19XQ==,"#2,050.00"
75,Riggs Deod Body Spray 250Ml(Power),Skin Care,Body Spray & Deodorant,https://i.postimg.cc/5Npsmkzq/riggs-power-Photo-Room-png-Photo-Room.png,"#4,050.00"
76,Bioderma Atoderm Shower Gel 1 Ltr,Skin Care,Creams and Lotions,https://i.postimg.cc/tJzrZ8Sn/image.png,"#39,300.00"
77,Bioderma Cleansing Ultra Rich Soap 150G,Skin Care,Creams and Lotions,https://i.postimg.cc/NFjkpbnx/bioderma-soap.jpg,"#8,250.00"
78,Bioderma Sebium Gel Moussant Actif 200Ml,Skin Care,"Soaps, Shower Oils & Gels",https://i.postimg.cc/d3yB86t1/Bioderma-Sebium-Gel-200ml-Photo-Room-png-Photo-Room.png,"#18,500.00"
79,Bioderma Sebium Kerato+ Gel-Creme 30Ml,Skin Care,"Soaps, Shower Oils & Gels",https://i.postimg.cc/MZ3HRwhv/Bioderma-Sebium-kerato-gel-30ml-Photo-Room-png-Photo-Room.png,"#20,950.00"
80,Bioderma Sebium Purify Cleans Bar 100G,Skin Care,"Soaps, Shower Oils & Gels",https://i.postimg.cc/rFTCbCvQ/image-removebg-preview-4.jpg,"#14,600.00"
81,Bioderma Ultra Nourishing Shower Oil 1Lt,Skin Care,"Soaps, Shower Oils & Gels",https://i.postimg.cc/FFxGZ5p7/image.png,"#43,350.00"
82,Diamond Glow Exfoliating Soap 200G,Skin Care,"Soaps, Shower Oils & Gels",https://i.postimg.cc/ZRvnqSqj/image.png,"#62,400.00"
83,Dove Body Wash 500Ml (Nourishing Silk),Skin Care,"Soaps, Shower Oils & Gels",https://i.postimg.cc/J7X2PS9C/ove-nourishing-silk-Photo-Room-png-Photo-Room.png,"#7,150.00"
84,Dove Body Wash 500Ml(Gentle Scrub,Skin Care,"Soaps, Shower Oils & Gels",https://i.postimg.cc/hvFp2LRZ/dove-gentle-scrub-Photo-Room-png-Photo-Room.png,"#7,150.00"
85,Dove Purely Pampering Beauty Bar Soap *4,Skin Care,"Soaps, Shower Oils & Gels",https://i.postimg.cc/J09DM8HC/dove-pamperin-Photo-Room-png-Photo-Room.png,"#7,450.00"
86,Extract Herbal Soap (P. Calamansi) Uk,Skin Care,"Soaps, Shower Oils & Gels",https://i.postimg.cc/Kj5C9bJL/extract-herbal-soap-Photo-Room-png-Photo-Room.png,"#3,000.00"
87,F & W Gold Satin Exf. Soap 200G,Skin Care,"Soaps, Shower Oils & Gels",https://i.postimg.cc/g0jfhPsX/image-removebg-preview-5.jpg,"#7,350.00"
88,F & W So White Exfoliating Soap 200G,Skin Care,"Soaps, Shower Oils & Gels",https://i.postimg.cc/28xJX5XL/image-removebg-preview-6.jpg,"#9,200.00"
89,F & W Exclusive Soap 200G,Skin Care,"Soaps, Shower Oils & Gels",https://i.postimg.cc/bwBmKS0r/image-removebg-preview-7.jpg,"#7,150.00"
90,Makari Carotonic Savon Soap,Skin Care,"Soaps, Shower Oils & Gels",https://i.postimg.cc/zv7jpyXJ/image-removebg-preview-8.jpg,"#14,750.00"
91,Simple Micellar Shower Gel 500Ml(Water B,Skin Care,"Soaps, Shower Oils & Gels",https://i.postimg.cc/JhS3jbxc/image-removebg-preview-11.jpg,"#4,400.00"
92,Topicrem Mela Exfoliating Bar 150G,Skin Care,"Soaps, Shower Oils & Gels","https://www-konga-com-res.cloudinary.com/w_auto,f_auto,fl_lossy,dpr_auto,q_auto/media/catalog/product/D/X/149912_1685296278.jpg","#10,150.00"
93,Amlactin Moisturizing Body Lotion 567G,Skin Care,Creams & Lotions,https://i.postimg.cc/PxQHTWvX/image.png,"#52,650.00"
94,Bioderma Pigmentbio Foaming Cream 500M,Skin Care,Creams & Lotions,https://i.postimg.cc/5yrKBDdP/image.png,"#39,450.00"
95,Cosrx Adv Snail 92 All In One Cream 100G,Skin Care,Creams & Lotions,https://i.postimg.cc/kXW60ZfK/image.png,"#17,500.00"
96,Dr Teal'S Body Lotion 532Ml(Citrus,Skin Care,Creams & Lotions,https://i.postimg.cc/mgnG8DtN/image-removebg-preview-14.jpg,"#10,500.00"
97,F & W Gold Body Lotion 500Ml 2 (Revtaliz,Skin Care,Creams & Lotions,https://i.postimg.cc/W1KB0WcY/image.png,"#16,900.00"
98,F & W So White Moist. Body Milk 500Ml,Skin Care,Creams & Lotions,https://carefortepharm.com/wp-content/uploads/2021/08/so-white.jpg,"#22,800.00"
99,Makari Extreme Body Milk 500Ml,Skin Care,Creams & Lotions,https://i.postimg.cc/PrV9k3Jf/image.png,"#97,100.00"
100,Medix 55 Vit C Turmeric Firm Cream 444Ml,Skin Care,Creams & Lotions,https://sttori.com.ng/wp-content/uploads/2020/11/sttori_ltd_13.jpg,"#18,900.00"
101,Mesoestetic Derma Acne One 50Ml,Skin Care,Creams & Lotions,https://i.postimg.cc/Y0hNN3H8/image.png,"#50,550.00"
102,Neo-Presol Acne/After Shave Lotion,Skin Care,Creams & Lotions,https://i.postimg.cc/Y2ZQKQkK/image.png,"#3,300.00"
103,Nivea Body Lotion Rich Nourishing 400Ml,Skin Care,Creams & Lotions,https://i.postimg.cc/g29zRDkX/nivea-5-in-1-rich-nourishing-Photo-Room-png-Photo-Room.png,"#4,300.00"
104,Nivea B/Lotion 400Ml (N/F) (P & Radiant),Skin Care,Creams & Lotions,https://i.postimg.cc/Kj0cn6b3/image.png,"#4,850.00"
105,Nivea Body Lotion 400Ml (Express Hydrati,Skin Care,Creams & Lotions,https://i.postimg.cc/x15sMkg5/nivea-express-hydration-Photo-Room-png-Photo-Room.png,"#4,300.00"
106,Nivea Fresh & Healty Gel B/Lotion (Aloe,Skin Care,Creams & Lotions,https://i.postimg.cc/3xS6DQ97/nivea-gel-body-lotion-refreshing-care-Photo-Room-png-Photo-Room.png,"#6,750.00"
107,Nivea Men Deep Impact Lot 400Ml (N/Skin,Skin Care,Creams & Lotions,https://i.postimg.cc/m2Hpc355/nivea-men-deep-impact-Photo-Room-png-Photo-Room.png,"#4,850.00"
108,Nivea Fresh & Healthy Gel B/Lotion (Rose,Skin Care,Creams & Lotions,https://i.postimg.cc/SR3ygL6P/nivea-oil-in-lotion-rose-Photo-Room-png-Photo-Room.png,"#7,650.00"
109,Qei+ Active H/Repar(Carrot Lotion)500Ml,Skin Care,Creams & Lotions,https://i.postimg.cc/zfwrCsSD/image.png,"#31,400.00"
110,Topicrem Da Emollient Balm 500Ml,Skin Care,Creams & Lotions,"https://www-konga-com-res.cloudinary.com/w_auto,f_auto,fl_lossy,dpr_auto,q_auto/media/catalog/product/J/S/174185_1623757078.jpg","#40,500.00"
111,Topicrem Mela Unifying Ultra/M.Milk 500M,Skin Care,Creams & Lotions,https://tosnigeria.com/wp-content/uploads/2023/05/Topicrem-mela.png,"#67,500.00"
112,Vaseline Healthy Even Tone Cream 400Ml,Skin Care,Creams & Lotions,https://i.postimg.cc/02wkFWK8/vaseline-intensive-care-body-cream-Photo-Room-png-Photo-Room.png,"#4,700.00"
113,Vaseline I/Care Cocoa Radiant B/Oil 200M,Skin Care,Creams & Lotions,https://tosnigeria.com/wp-content/uploads/2022/03/Vaseline-cocoa-radiant-body-oil-6.8-fl-oz-1.jpg,"#21,600.00"
114,Vaseline Intensive Care Lot 400Ml(D.S/Re,Skin Care,Creams & Lotions,https://i.postimg.cc/k4GDKV2d/image-removebg-preview-17.jpg,"#5,350.00"
115,Always Ultra Thin Pads * 6 (Extra Long),Personal Care,Sanitary Pads,https://images.deliveryhero.io/image/menus-glovo/products/59b4b7e9159903515b3aebbe78b6fec8d482a0e3844e9c77ecae2cc1be70f156?t=W3siYXV0byI6eyJxIjoibG93In19LHsicmVzaXplIjp7IndpZHRoIjoxNTAsImhlaWdodCI6MTUwfX1d,"#1,600.00"
116,Royal Princess Sanitary Pads*7 (Ex/Long),Personal Care,Sanitary Pads,https://images.deliveryhero.io/image/menus-glovo/products/1ac2a7d08b76f48cfcbda35b893d984d1cceae863fa5196ce0a9c377831d4798?t=W3siYXV0byI6eyJxIjoibG93In19XQ==,#900.00
117,Tampax * 20 Tampons (Regular),Personal Care,Tampons,https://images.deliveryhero.io/image/menus-glovo/products/df58e3f4b6bf36b9780b78e4a6a0b420e51013f4fe994e828d4db4e11228fb71?t=W3siYXV0byI6eyJxIjoibG93In19XQ==,"#7,600.00"
118,Tampax Super Plus * 20,Personal Care,Tampons,https://i.postimg.cc/02hTyW4j/TAMPAX-SUPER-PLUS-20-Photo-Room-png-Photo-Room.png,"#7,600.00"
119,Femfresh Intimate Daily Wash 250Ml,Personal Care,Pantyliners,https://i.postimg.cc/KvL0n39x/FEMFRESH-INTIMATE-DAILY-WASH-250-M-Photo-Room-png-Photo-Room.png,"#6,250.00"
120,Femfresh Sensitive Intimate Wash 250Ml,Personal Care,Pantyliners,https://i.postimg.cc/Hk93NDDN/FEMFRESH-SENSITIVE-INTIMATE-WASH-250-ML-Photo-Room-png-Photo-Room.png,"#6,250.00"
121,Listerine Mouthwash 250Ml(Cool Mint),Personal Care,Mouthwashes,https://images.deliveryhero.io/image/menus-glovo/products/893a1526195d0da039269fce433784546c994eee545ac87aaca7582e44e88952?t=W3siYXV0byI6eyJxIjoibG93In19XQ==,"#4,750.00"
122,Listerine Mouthwash 500Ml(Cool Mint),Personal Care,Mouthwashes,https://i.postimg.cc/sD7bXwsv/LISTERINT-COOL-MINT-500-ML-Photo-Room-png-Photo-Room.png,"#7,700.00"
123,Listerine Mouthwash 500Ml(Freshburst),Personal Care,Mouthwashes,https://i.postimg.cc/3Rh9QCRH/listerine-fresh-burst-500ml-Photo-Room-png-Photo-Room.png,"#7,700.00"
124,Listerine Mouthwash (Teeth & Gum) 500Ml,Personal Care,Mouthwashes,https://images.deliveryhero.io/image/menus-glovo/products/82cde04d2a6a0f909c82b5d6f87ad2e8925c6a8fae7501b1e4123cb5efca962a?t=W3siYXV0byI6eyJxIjoibG93In19XQ==,"#7,700.00"
125,Colgate Advanced White T/P 100Ml,Personal Care,Mouthwashes,https://images.deliveryhero.io/image/menus-glovo/products/c71d88603c7cddeeafffa1da542e6efb822a61c893b73c0aaa0a0e13f58617a1?t=W3siYXV0byI6eyJxIjoibG93In19XQ==,"#2,750.00"
126,Colgate Max White Crystals T/Paste 100Ml,Personal Care,Mouthwashes,https://www.gomarket.com.ng/wp-content/uploads/2021/02/download.png,"#2,750.00"
127,Euthymol Toothpaste 75Ml,Personal Care,Toothpastes,https://i.postimg.cc/8PmJN5Df/Euthymol-75ml-Original-toothpaste.jpg,"#5,100.00"
128,Hk Floss Dental Floss * 50 Picks,Personal Care,Toothpastes,https://i.postimg.cc/3Jc5C0SR/hk-floss-50-picks-Photo-Room-png-Photo-Room.png,#900.00
129,Longrich White Tea Toothpaste* 200G,Personal Care,Toothpastes,https://images.deliveryhero.io/image/menus-glovo/products/3483d0a13ed2e77507dd0404d0d3164405f2b145511702e89b087c65379590b2?t=W3siYXV0byI6eyJxIjoibG93In19XQ==,"#6,750.00"
130,Pepsodent T/Protection 123 130G(Complete,Personal Care,Toothpastes,https://images.deliveryhero.io/image/menus-glovo/products/2d0ac7baf65eaaa5e01fa1d88ce75ef8c8f2ebcd4a17bd3029d8d832dc802316?t=W3siYXV0byI6eyJxIjoibG93In19XQ==,"#1,200.00"
131,Sensodyne T/Paste 75Ml (Extra Whitening),Personal Care,Toothpastes,https://images.deliveryhero.io/image/menus-glovo/products/a81511f7f72f1850dfc4ef4ba7f59b7ce7a3f33890b56f22c5e703924da5fb1b?t=W3siYXV0byI6eyJxIjoibG93In19XQ==,"#1,500.00"
132,Beauty Land Exfoliating Bath Gloves,Personal Care,Bath sponges,https://i.postimg.cc/qM36C7Py/image-removebg-preview-25.jpg,"#2,450.00"
133,Advil 200Mg * 24 Tabs,Pain Killers,Tablets & Capsules,https://i.postimg.cc/s1dRMb3p/ADVIL-200-MG-24-TABS.jpg,"#15,600.00"
134,Advil 200Mg * 20 Liqui-Gels,Pain Killers,Tablets & Capsules,https://i.postimg.cc/9FZDLhwH/Advil-200mg-20-Liquid-gels.jpg,"#13,800.00"
135,Advil Pm * 20 Caplets,Pain Killers,Tablets & Capsules,https://i.postimg.cc/05L6GQQC/advil-pm-20tab.jpg,"#14,350.00"
136,Arthrotec 75Mg *  10 Strip,Pain Killers,Tablets & Capsules,https://i.postimg.cc/90Fn9p3x/image.png,"#3,500.00"
137,Bayer Aspirin 81Mg * 120 Tabs,Pain Killers,Tablets & Capsules,https://i.postimg.cc/5tNj9Q7f/BAYER-ASPIRIN-81-MG-120-TABS.jpg,"#26,500.00"
138,Boska Tabs * 20 Tabs,Pain Killers,Tablets & Capsules,https://i.postimg.cc/zXhwRmxQ/BOSKA-TABS-20-TABS.jpg,"#1,200.00"
139,Buscopan Cramps *20 Tabs,Pain Killers,Tablets & Capsules,https://images.deliveryhero.io/image/menus-glovo/products/cf599303af2d7020292651de5150d83506949c72e7d534a149fb8a5b82bb3e36?t=W3siYXV0byI6eyJxIjoibG93In19XQ==,"#16,600.00"
140,Cataflam 50Mg * 10 Strip,Pain Killers,Tablets & Capsules,https://images.deliveryhero.io/image/menus-glovo/products/5b0555f08480c971e358a9989ba33ec7b0fb6a0c19bef804154c55276adee115?t=W3siYXV0byI6eyJxIjoibG93In19LHsicmVzaXplIjp7IndpZHRoIjoxNTAsImhlaWdodCI6MTUwfX1d,"#2,300.00"
141,Disprin Direct Aspirin * 16 Chewable,Pain Killers,Tablets & Capsules,https://i.postimg.cc/5yJPsKRq/direct-aspirin-16tab.jpg,"#5,950.00"
142,Emzor Piroxicam 20Mg * 10 Strips,Pain Killers,Tablets & Capsules,https://i.postimg.cc/J0ST4bx6/emzor-piroxicam.jpg,#150.00
143,Excedrin Ext Strh * 24 Caps,Pain Killers,Tablets & Capsules,https://www.supermart.ng/cdn/shop/files/medp8372.jpg?v=1688995567,"#14,700.00"
144,Excedrin Migraine * 24 Caps,Pain Killers,Tablets & Capsules,https://images-cdn.ubuy.co.in/636e754f2221753d2642c554-product-of-excedrin-migraine-aspirin.jpg,"#14,700.00"
145,Felvin 20Mg * 10 Strips,Pain Killers,Tablets & Capsules,https://i.postimg.cc/KjktCktG/image.png,#250.00
146,Feminax Express * 16 Tabs,Pain Killers,Tablets & Capsules,https://i.postimg.cc/kg7gwtdW/feminax-16tab-1.jpg,"#14,000.00"
147,Feminax Express 342Mg* 8 Tabs,Pain Killers,Tablets & Capsules,https://i.postimg.cc/yN62Gybc/image-removebg-preview-6.jpg,"#8,400.00"
148,Lyrica 75Mg Cap * 28,Pain Killers,Tablets & Capsules,https://i.postimg.cc/RZRgzYWN/image.png,"#32,050.00"
149,Neurovit Forte * 10 Strips,Pain Killers,Tablets & Capsules,https://images.deliveryhero.io/image/menus-glovo/products/93becefeadcd8d2fd4babea9e0fd7e937c8d3610e18f002f40f2d5dab3373c2d?t=W3siYXV0byI6eyJxIjoibG93In19XQ==,"#2,200.00"
150,Panadol 500Mg * 1 Strips,Pain Killers,Tablets & Capsules,https://images.deliveryhero.io/image/menus-glovo/products/70fff0252395928aa8d106a7dd526b25fc8652cd5b5dd9fe320a374eea3db4a4?t=W3siYXV0byI6eyJxIjoibG93In19LHsicmVzaXplIjp7IndpZHRoIjoxNTAsImhlaWdodCI6MTUwfX1d,#550.00
151,Panadol Actifast * 14 Tabs,Pain Killers,Tablets & Capsules,https://images.deliveryhero.io/image/menus-glovo/products/829bfeb3328f74554589b828ba60912fc38d64bc42cc2368173329940360998e?t=W3siYXV0byI6eyJxIjoibG93In19XQ==,"#9,800.00"
152,Panadol Actifast * 24 Soluble Tabs,Pain Killers,Tablets & Capsules,https://images.deliveryhero.io/image/menus-glovo/products/bca3017a71c311f91daea7611d7d02cd58758d32ba225e28e0b94f4e9be251b1?t=W3siYXV0byI6eyJxIjoibG93In19XQ==,"#14,700.00"
153,Panadol Advance 500Mg * 16 Tabs,Pain Killers,Tablets & Capsules,https://images.deliveryhero.io/image/menus-glovo/products/366f353e16a6f6ee86dbb0b78c14982d435179bcdd7602c11159433f30394f7b?t=W3siYXV0byI6eyJxIjoibG93In19XQ==,"#6,050.00"
154,Panadol Extra * 24 Soluble Tabs,Pain Killers,Tablets & Capsules,https://i.postimg.cc/Wz54VTc5/image.png,"#14,900.00"
155,Paracetamol * 8 Strips,Pain Killers,Tablets & Capsules,https://images.deliveryhero.io/image/menus-glovo/products/03dc8771edfe078c488db648fcbfc52e79e95646670df71684f96962fa91d593?t=W3siYXV0byI6eyJxIjoibG93In19XQ==,#200.00
156,Paracetamol 500Mg *32 Cap/Tab (Crescent,Pain Killers,Tablets & Capsules,https://i.postimg.cc/pXdSLRtK/image.png,"#4,500.00"
157,Solpadeine Max * 32 Solu Tabs,Pain Killers,Tablets & Capsules,https://images.deliveryhero.io/image/menus-glovo/products/5446a395519cf177b48c5aa73c4f559e36d406db0c273cadcf9603496310b5d1?t=W3siYXV0byI6eyJxIjoibG93In19LHsicmVzaXplIjp7IndpZHRoIjoxNTAsImhlaWdodCI6MTUwfX1d,"#20,300.00"
158,Tylenol E/S 500Mg * 24 Caps,Pain Killers,Tablets & Capsules,https://images.deliveryhero.io/image/menus-glovo/products/83bfcafd562a0c34b2fd0be8cbf400eb4e7c567466baa9afe3d6f477aa050e21?t=W3siYXV0byI6eyJxIjoibG93In19XQ==,"#13,050.00"
159,Voltfast 50Mg * 3 Sachet,Pain Killers,Tablets & Capsules,https://images.deliveryhero.io/image/menus-glovo/products/eec7ebc04bd78040769732076afa3223ab66ece98e621d36075a50328fb2d3bf?t=W3siYXV0byI6eyJxIjoibG93In19XQ==,"#1,550.00"
160,Aboniki Balm 25G,Pain Killers,Topical Creams & Ointments,https://i.postimg.cc/nrTcYZdv/image.png,#750.00
161,Deep Freeze Cold Spray 150Ml,Pain Killers,Topical Creams & Ointments,https://i.postimg.cc/KYKN68B8/image.png,"#7,350.00"
162,Deep Heat Spray 150Ml,Pain Killers,Topical Creams & Ointments,https://i.postimg.cc/8PMR8Q8g/image-removebg-preview-10.jpg,"#8,150.00"
163,Fastum Gel 100G (Ketoprofen 2.5%),Pain Killers,Topical Creams & Ointments,https://i.postimg.cc/K86H4knC/image.png,"#18,250.00"
164,Fastum Gel 2.5% * 50G (Ketoprofen),Pain Killers,Topical Creams & Ointments,https://i.postimg.cc/xdFyqWD8/image.png,"#10,100.00"
165,Lofnac Gel *30G,Pain Killers,Topical Creams & Ointments,https://i.postimg.cc/x8GzGZ7K/image.png,#900.00
166,Neurogesic Extra 35G,Pain Killers,Topical Creams & Ointments,https://i.postimg.cc/DfQJMtjG/image.png,"#1,650.00"
167,Shaltoux Natural Lozenges *200,"Cough, Cold & Allergies",Throat Lozenges,https://i.postimg.cc/yxDj2838/shaltoux-lozenge-Photo-Room-png-Photo-Room.png,#50.00
168,Sorepils Sore Throat & Cough *24Loz(Oran,"Cough, Cold & Allergies",Throat Lozenges,https://images.deliveryhero.io/image/menus-glovo/products/b7cbda0eb780f2702e125794574350503d16487231a811c5294766443c9fea43?t=W3siYXV0byI6eyJxIjoibG93In19LHsicmVzaXplIjp7IndpZHRoIjoxNTAsImhlaWdodCI6MTUwfX1d,"#3,000.00"
169,Strepsils Extra Triple Action (Cherr *24,"Cough, Cold & Allergies",Throat Lozenges,https://i.postimg.cc/Y0ZYgNZQ/image.png,"#14,100.00"
170,Strepsils Intensive (Honey & Lemon) *16,"Cough, Cold & Allergies",Throat Lozenges,https://i.postimg.cc/hjhXrz9s/image.png,"#5,950.00"
171,Strepsils Soothing Honey & Lemon *24 Loz,"Cough, Cold & Allergies",Throat Lozenges,https://i.postimg.cc/mDdnHD47/image.png,"#4,750.00"
172,Vocalzone Throat Pastilles (Blc* 24 Tabs,"Cough, Cold & Allergies",Throat Lozenges,https://i.postimg.cc/fTLQTcmV/Vocalzone-Throat-Pastilles-Blc-24-Tabs.jpg,"#10,850.00"
173,Vocalzone Throat Pastilles(Honey & Lemon,"Cough, Cold & Allergies",Throat Lozenges,https://i.postimg.cc/Bb7y1zHX/Vocalzone-Throat-Pastilles-Honey-and-Lemon.jpg,"#9,700.00"
174,Olbas Inhaler Nasal Stick,"Cough, Cold & Allergies",Nasal Inhalers,https://i.postimg.cc/cLqLnk9F/image.png,"#8,200.00"
175,Robb Inhaler * 12,"Cough, Cold & Allergies",Nasal Inhalers,https://images.deliveryhero.io/image/menus-glovo/products/d480f28e38e996d635c658d7cb0ecb07c7bb3bc65cc1fee32433c5fc48ffbf2c?t=W3siYXV0byI6eyJxIjoibG93In19XQ==,#550.00
176,Sudafed Sinus Ease Nasal Spray 15Ml,"Cough, Cold & Allergies",Nasal Sprays,https://i.postimg.cc/Kvvx3SSv/Sudafed-Sinus-Ease-Nasal-Spray-15-Ml.jpg,"#12,100.00"
177,Actifed Dry Cough 100Ml,"Cough, Cold & Allergies",Cough Syrups,https://images.deliveryhero.io/image/menus-glovo/products/d92f6b8b8a4060b5034dc0b6e6d8c8a7c48e3a4fcf257a3f063ea52d76b71d64?t=W3siYXV0byI6eyJxIjoibG93In19XQ==,"#13,900.00"
178,Beehive Balsam Cough Syrup 200Ml,"Cough, Cold & Allergies",Cough Syrups,https://images.deliveryhero.io/image/menus-glovo/products/57e6200778b5767776da4c8794bdd2280c65fbaafb456e4f97b6b8dcadfc915e?t=W3siYXV0byI6eyJxIjoibG93In19XQ==,"#5,550.00"
179,Benylin Chesty Coughs Non Drowsy 150Ml,"Cough, Cold & Allergies",Cough Syrups,https://images.deliveryhero.io/image/menus-glovo/products/b3230e50c31c1f14e76e093874c150a6da0f4f9f07b32e77b4ae2a8c1b06809e?t=W3siYXV0byI6eyJxIjoibG93In19XQ==,"#18,900.00"
180,Benylin Child Dry Cough & Sore Thro 125M,"Cough, Cold & Allergies",Cough Syrups,https://i.postimg.cc/LXVrwtJj/image.png,"#11,950.00"
181,Benylin Children Chesty Coughs 125Ml,"Cough, Cold & Allergies",Cough Syrups,https://i.postimg.cc/JhVvh6Jb/image.png,"#14,700.00"
182,Benylin Child Night Cough 125Ml,"Cough, Cold & Allergies",Cough Syrups,https://images.deliveryhero.io/image/menus-glovo/products/41a222fbf928741cf011946f63249de1200904391448e3bc274e0820cd1d6df4?t=W3siYXV0byI6eyJxIjoibG93In19XQ==,"#16,500.00"
183,Benylin Dry Cough 150Ml,"Cough, Cold & Allergies",Cough Syrups,https://i.postimg.cc/sxk9J83m/image.png,"#17,500.00"
184,Benylin Mucus Cough Max Menthol 150Ml,"Cough, Cold & Allergies",Cough Syrups,https://i.postimg.cc/qBbr8DR8/image.png,"#17,200.00"
185,Benylin Mucus Cough Night 150Ml,"Cough, Cold & Allergies",Cough Syrups,https://i.postimg.cc/j518jfxJ/image.png,"#18,750.00"
186,Buttercup Cough Syrup 200Ml,"Cough, Cold & Allergies",Cough Syrups,https://i.postimg.cc/k4SjB4B1/image.png,"#20,000.00"
187,Buttercup Cough Syrup Original 150Ml,"Cough, Cold & Allergies",Cough Syrups,https://www.naturesbest.co.uk/images/products/large/5012616175008.jpg,"#5,850.00"
188,Coflin Cough Linctus,"Cough, Cold & Allergies",Cough Syrups,https://images.deliveryhero.io/image/menus-glovo/products/7c2637dcd35dc2eb5f891c580586081a8cc44d0e4dee2b70475e7fbe875953a9?t=W3siYXV0byI6eyJxIjoibG93In19XQ==,"#1,500.00"
189,Coflin Expectorant 100Ml,"Cough, Cold & Allergies",Cough Syrups,https://images.deliveryhero.io/image/menus-glovo/products/d6e2db5cf4d828ca26915b9951925a8b939994c869e4272b47db6c43d7706da0?t=W3siYXV0byI6eyJxIjoibG93In19XQ==,"#1,050.00"
190,Covonia Chesty Cough Mixture 150Ml,"Cough, Cold & Allergies",Cough Syrups,https://i.postimg.cc/XJW5k7sD/image.png,"#17,800.00"
191,Covonia Dry&Tickly Cough N/D 150Ml,"Cough, Cold & Allergies",Cough Syrups,https://i.postimg.cc/RCXtwmKX/image.png,"#20,600.00"
192,Rhina Phyto Herbal Liquid 100Ml,"Cough, Cold & Allergies",Cough Syrups,https://images.deliveryhero.io/image/menus-glovo/products/ffea1a5eed03e606c56d95701f63e5cae51482fde5b0c7fa1ef6f9dd7054d0de?t=W3siYXV0byI6eyJxIjoibG93In19XQ==,"#8,700.00"
193,Robitussin Dry Cough 100Ml,"Cough, Cold & Allergies",Cough Syrups,https://i.postimg.cc/3rSydBQq/image.png,"#14,450.00"
194,Shaltox 4 Ways Relief Cough Syrup 100Ml,"Cough, Cold & Allergies",Cough Syrups,https://i.postimg.cc/W1R9hKy1/shaltoux-4-way-relief-syrup.webp,#900.00
195,Shaltoux Chesty Cough 100Ml,"Cough, Cold & Allergies",Cough Syrups,https://images.deliveryhero.io/image/menus-glovo/products/4508b9ab2ffa26142a54a1fb11a360739d67e12091b10bef12d883254b051af9?t=W3siYXV0byI6eyJxIjoibG93In19XQ==,"#1,100.00"
196,Night Nurse * 10 Caps,"Cough, Cold & Allergies",Drowsy Medications,https://famedixpharmacy.com/cdn/shop/products/NIGHT-NURSE-CAPS_5099627274951.jpg?v=1632401934,"#19,000.00"
197,Night Nurse Liquid 160Ml,"Cough, Cold & Allergies",Drowsy Medications,https://i.postimg.cc/3JqC1sbT/image.png,"#28,500.00"
198,Panadol Cold & Flu * 24 Caplets,"Cough, Cold & Allergies",Drowsy Medications,https://i.postimg.cc/Fsw33j7F/image.png,"#13,600.00"
199,Contac Dual Relief * 18 Tabs(N/D),"Cough, Cold & Allergies",Non-Drowsy Medications,https://i.postimg.cc/dV8kCpbn/image.png,"#15,300.00"
200,Flucorday Non-Drowsy *8 Liq Gels,"Cough, Cold & Allergies",Non-Drowsy Medications,https://images.deliveryhero.io/image/menus-glovo/products/9b676fea2c7a5799dacc712398c90f4b34caabc5e7c30f9be3f311b08cf2ad4e?t=W3siYXV0byI6eyJxIjoibG93In19XQ==,"#2,300.00"
201,Lemsip Max Cold & Flu * 10 (B/Current),"Cough, Cold & Allergies",Non-Drowsy Medications,https://cdn.shopify.com/s/files/1/0562/3853/8907/products/LemsipMaxColdandFlurelief-Blackcurrantflavour-10sachets_1024x1024_3f430687-c5ee-48de-8871-02c0d9b15f0f.jpg?v=1698161111Andwidth=600,"#13,500.00"
202,Lemsip Max Cold&Flu * 10 (Lemon),"Cough, Cold & Allergies",Non-Drowsy Medications,https://i.postimg.cc/RhBZQQjf/image.png,"#13,500.00"
203,Vicks Dayquil Cold&Flu *236Ml,"Cough, Cold & Allergies",Non-Drowsy Medications,https://i.postimg.cc/50qV1cRY/image.png,"#27,650.00"
204,Allegra 180Mg *30Tabs(Non-Drowsy),"Cough, Cold & Allergies",Allergies,https://i.postimg.cc/ht2t52ym/Allegra-180-Mg-30-Tabs-Non-Drowsy.jpg,"#50,200.00"
205,Allegra-D  *20 Tabs (Non-Drowsy),"Cough, Cold & Allergies",Allergies,https://i.postimg.cc/nhLKMn38/image-removebg-preview-4.png,"#45,700.00"
206,Anthisan Cream (Bite And String) 20G,"Cough, Cold & Allergies",Allergies,https://pharmacysaver.co.uk/cdn/shop/files/anthisan-bite-_-sting-cream-20g_800x.jpg?v=1694537866,"#11,900.00"
207,Atadyn 10Mg Tabs * 10 Strip,"Cough, Cold & Allergies",Allergies,https://i.postimg.cc/s2vQvxJd/image.png,#300.00
208,Benadryl Allergy Relief * 12 Caps,"Cough, Cold & Allergies",Allergies,https://m.media-amazon.com/images/I/71M6im1DFxL.jpg,"#14,650.00"
209,Benadryl Allergy Liquid 10Mg *7Caps (Oad,"Cough, Cold & Allergies",Allergies,https://images.deliveryhero.io/image/menus-glovo/products/80a0796c8619609c46492297671b000d9ea25eeab9b696941fb7ba79745e2922?t=W3siYXV0byI6eyJxIjoibG93In19XQ==,"#6,850.00"
210,Benadryl Allergy One A Day * 30 Tabs,"Cough, Cold & Allergies",Allergies,https://i.postimg.cc/zXGJJMj4/image.png,"#23,600.00"
211,Clarityn Allergy * 14 Tablets,"Cough, Cold & Allergies",Allergies,https://i.postimg.cc/bNxFBNkh/image.png,"#13,600.00"
212,Clarityn Allergy * 7 Tabs,"Cough, Cold & Allergies",Allergies,https://images.deliveryhero.io/image/menus-glovo/products/e4d3d7030763eb1c85ab5b23308276301ce5be74e9f0096efc3431b0743d82d7?t=W3siYXV0byI6eyJxIjoibG93In19XQ==,"#8,550.00"
213,Cortizone-10 Instensive Moisture Creme 2,"Cough, Cold & Allergies",Allergies,https://i.postimg.cc/rmTxSCkT/Cortizone-10-Instensive-Moisture-Creme-2-Photo-Room-png-Photo-Room.png,"#12,000.00"
214,Loratyn 10Mg * 10 Strips,"Cough, Cold & Allergies",Allergies,https://i.postimg.cc/fyd4q1vQ/loratyn-10.jpg,"#1,050.00"
215,Moko Calamine Lotion 100Ml,"Cough, Cold & Allergies",Allergies,https://images.deliveryhero.io/image/menus-glovo/products/28763daf14079163d9aecd8d261359952c2025cd60f0b438815f835be7c1bd09?t=W3siYXV0byI6eyJxIjoibG93In19XQ==,#800.00
216,Otrivine Allergy Relief N/Spray 10Ml,"Cough, Cold & Allergies",Allergies,https://i.postimg.cc/mDKFcQmf/Otrivine-Allergy-Relief-N-Spray-10-Ml.jpg,"#12,500.00"
217,Piriton Allergy *30 Tabs,"Cough, Cold & Allergies",Allergies,https://i.postimg.cc/JnCL65BL/Whats-App-Image-2023-11-02-at-13-01-42-c2167b41-Photo-Room-png-Photo-Room.png,"#12,100.00"
218,Prednisolone 5Mg * 10 Strips,"Cough, Cold & Allergies",Allergies,https://i.postimg.cc/52ZH1JGS/image-removebg-preview-5.png,#200.00
219,Zirtek Allergy Relief * 7 Tabs,"Cough, Cold & Allergies",Allergies,https://i.postimg.cc/vTm59Ysf/Zirtek-allergy-10mg-7tabs.jpg,"#10,800.00"
220,Silver Bird Oil 28Ml,Baby & Child Care,Stuffy Nose,https://images.deliveryhero.io/image/menus-glovo/products/08a0f62bf645fed48f77c9055298cc3dace71db6f5dedc36dda1719298c28969?t=W3siYXV0byI6eyJxIjoibG93In19XQ==,"#5,250.00"
221,Tuxil Child Runny Nose & Catarrh Syr 100,Baby & Child Care,Stuffy Nose,https://images.deliveryhero.io/image/menus-glovo/products/22c6199fd79fde0951813698076c226c2d363025de0ec68809ccc03bdce5679d?t=W3siYXV0byI6eyJxIjoibG93In19XQ==,#750.00
222,Atadyn Syrup 5Mg/5Ml * 100Ml,Baby & Child Care,Stuffy Nose,https://i0.wp.com/carefortepharm.com/wp-content/uploads/2023/09/Atadyn-Syrup-Non-Drowsy-100ml.jpg?fit=1024%2C1024Andssl=1,"#2,250.00"
223,Benadryl Allergy Children Syr.70Ml 6+,Baby & Child Care,Stuffy Nose,https://www.ocado.com/productImages/360/36090011_0_640x640.jpg?identifier=833b11f596a8b6297e267c1527aa46b1,"#13,200.00"
224,Benadryl Allergy Children Syr. 100Ml 2+,Baby & Child Care,Allergy & Asthma,https://i.postimg.cc/fyVPMRDZ/Benadryl-Allergy-Children-Syrup-ORIGINAL-100-Ml-2.jpg,"#18,750.00"
225,Clarityn Allergy 1Mg/Ml Syrup * 60Ml(Mix,Baby & Child Care,Allergy & Asthma,https://i.postimg.cc/4N5YbyMG/image-removebg-preview-5.jpg,"#12,600.00"
226,Abidec Multvit Drops 25Ml (Imp),Baby & Child Care,Allergy & Asthma,https://i.postimg.cc/tT2bQn38/Abidec-Multi-vitamin-Drops-25-Ml-Imp.jpg,"#11,250.00"
227,Abidec Multivitamin Syrup 150Ml,Baby & Child Care,Allergy & Asthma,https://m.media-amazon.com/images/I/616ZhovW36L._AC_SX466_.jpg,"#17,300.00"
228,Biosea Cod Liver Oil (Orange) 120Ml,Baby & Child Care,Kids Multivitamins,https://precious-pharmacy.com/cdn/shop/products/d464c297aac3613fd8a0c04fc5229a8f33eda24f.jpg?v=1597148865,"#6,100.00"
229,Biosea Cod Liver Oil (Orange) 220Ml,Baby & Child Care,Kids Multivitamins,https://i.postimg.cc/1zbV6K8h/bio-sea-220ml.jpg,"#8,000.00"
230,Feroglobin Baby Drops 30Ml(4-24 Months),Baby & Child Care,Kids Multivitamins,https://i.postimg.cc/6q3tt9H3/Feroglobin-Baby-Drops-30-Ml-4-24-Months.jpg,"#11,250.00"
231,G/Life Dr. F. Probiotics Kids 5 Bill.*60,Baby & Child Care,Kids Multivitamins,https://i.postimg.cc/V6YxSr7P/garden-of-life-vaginal-probiotics-Photo-Room-png-Photo-Room.png,"#35,400.00"
232,N/A Mini Drops Multivitamin 50Ml,Baby & Child Care,Kids Multivitamins,https://i.postimg.cc/CKm9m7qq/Nature-s-aid-mini-drops-multivitamin-50ml.jpg,"#9,600.00"
233,N/A Super Stars Vitamin C * 60C/Tabs,Baby & Child Care,Kids Multivitamins,https://i.postimg.cc/HkpkB3LZ/Nature-s-aid-Superstars-Multi-vitamins-mineral-60.jpg,"#7,200.00"
234,Reload 4 Kids Multivitamin 237Ml,Baby & Child Care,Kids Multivitamins,https://d3ckuu7lxvlwp2.cloudfront.net/products/9004760065f05db6f78d27product.jpg,"#16,500.00"
235,Reload 4 Kidz Chewable Tab,Baby & Child Care,Kids Multivitamins,https://pharmacy.marvicanihealth.com/wp-content/uploads/2020/10/reload-4-kidz-80.jpg,"#17,100.00"
236,Reload Tonic Multivitamin 237Ml,Baby & Child Care,Kids Multivitamins,https://i.postimg.cc/vTgBQcs0/Reload-tonic-multivitamin-237ml.jpg,"#13,050.00"
237,Renzo'S Kids Iron Strong *90Tabs,Baby & Child Care,Kids Multivitamins,https://i.postimg.cc/fbTXvr8h/renzo-iron-strong.webp,"#12,600.00"
238,Renzo'S Kids Bright & Brainy B6 *60Tabs,Baby & Child Care,Kids Multivitamins,https://i.postimg.cc/3rBZ228p/Renzo-S-Kids-Bright-Brainy-B6-60-Tabs.jpg,"#13,200.00"
239,Renzo'S Kids Dynamite D3 *60Tabs,Baby & Child Care,Kids Multivitamins,https://i.postimg.cc/jSV0kQrC/Renzo-S-Kids-Dynamite-D3-60-Tabs.jpg,"#13,200.00"
240,Renzo'S Kids Invincible Vit C *60Tabs,Baby & Child Care,Kids Multivitamins,https://i.postimg.cc/vTMxz6HK/Renzo-S-Kids-Invincible-Vitamin-C-60-Tabs.jpg,"#13,500.00"
241,Renzo'S Kids Picky Eater Multi *60Tabs,Baby & Child Care,Kids Multivitamins,https://i.postimg.cc/VkjQyrYg/Renzo-S-Kids-Picky-Eater-Multi-60-Tabs.jpg,"#13,500.00"
242,Renzo'S Kids Y/Tummy Probiotic *60 Tabs,Baby & Child Care,Kids Multivitamins,https://i.postimg.cc/GpXr71f9/Renzo-S-Kids-Yummy-Tummy-Probiotic-60-Tabs.jpg,"#12,900.00"
243,Wellkid Immune Chewable *30 Tabs,Baby & Child Care,Kids Multivitamins,https://i.postimg.cc/VNrrh1mx/Wellkid-Immune-Chewable-30-Tabs.jpg,"#13,650.00"
244,Wellkid Omega-3 Plus Vit. D Chewable *60,Baby & Child Care,Kids Multivitamins,https://i.postimg.cc/CKkMDKFx/Wellkid-Omega-3-Plus-Vit-D-Chewable-60.jpg,"#12,300.00"
245,Moxie Vit-C Syrup 100Ml,Baby & Child Care,Kids Multivitamins,https://i.postimg.cc/3JRNcmX2/image.png,"#2,400.00"
246,Ashton & Parsons Teething Gel 10Ml,Baby & Child Care,Kids Multivitamins,https://i.postimg.cc/fW0DtCf2/image.png,"#6,350.00"
247,Calpol 6+ Suspension 200Ml (S/Berry),Baby & Child Care,Kids Painkillers,https://www.supermart.ng/cdn/shop/files/medp2513.jpg?v=1693852230,"#28,350.00"
248,Calpol 6+ Suspension 100Ml(S/Free),Baby & Child Care,Kids Painkillers,https://i.postimg.cc/sD4v0JQf/Calpol-6yrs-plus-Suspension-100-Ml-sugar-Free.jpg,"#14,300.00"
249,Calpol 6+ Suspension 80Ml(S/Free),Baby & Child Care,Kids Painkillers,https://i.postimg.cc/y8vctBtj/Calpol-6yrs-plus-Suspension-80-Ml-Sugar-Free.jpg,"#14,450.00"
250,Calpol Infant Sus. 2+ 200Ml S/Berry S/F,Baby & Child Care,Kids Painkillers,https://images.deliveryhero.io/image/menus-glovo/products/6d158a59c7b28496284d7dd0e19bae9fd06d6de6ec5a272f5cec1e482524da59?t=W3siYXV0byI6eyJxIjoibG93In19XQ==,"#25,650.00"
251,Emzor Paracetamol Drops 15Ml,Baby & Child Care,Kids Painkillers,https://i.postimg.cc/0Np0bfWV/emzor-paracetamol-drops-15ml.jpg,#750.00
252,Moxie Paracetamol Syrup 120Mg/5Ml *100Ml,Baby & Child Care,Kids Painkillers,https://images.deliveryhero.io/image/menus-glovo/products/c82f7ca24191fd92ae599295b513754e5bd2da7b2696327811f5fdb9b85e90fa?t=W3siYXV0byI6eyJxIjoibG93In19XQ==,"#2,400.00"
253,Nhp Ibuprofen Oral Susp 100Ml(Orange,Baby & Child Care,Kids Painkillers,https://i.postimg.cc/jS8tXgcr/Nhp-Ibuprofen-Oral-Susp-100-Ml-Orange.jpg,"#4,150.00"
254,Nurofen For Child 100Ml (S/Berry Flavour,Baby & Child Care,Kids Painkillers,https://i.postimg.cc/q7Rdkx7G/image.png,"#5,500.00"
255,Nurofen For Child 100Ml (Orange Flavour),Baby & Child Care,Kids Painkillers,https://healthplusnigeria.com/cdn/shop/products/nurofen-for-children-_ibuprofen_-orange-syrup-100ml-1_pqlz1c_grande.jpg?v=1680833916,"#5,500.00"
256,Piccan Teething Remedy 100Ml,Baby & Child Care,Kids Painkillers,https://images.deliveryhero.io/image/menus-glovo/products/e1ee45822acce310db6395596f48b55219c2c59e584fd948e7fd130526f3149d?t=W3siYXV0byI6eyJxIjoibG93In19XQ==,"#21,000.00"
257,Huggies All Over Clean Baby Wipes*56,Baby & Child Care,Baby Wipes,"https://www-konga-com-res.cloudinary.com/w_auto,f_auto,fl_lossy,dpr_auto,q_auto/media/catalog/product/O/H/93777_1673408661.jpg","#2,700.00"
258,Astymin Liquid 200Ml,Multivitamins & Supplements,Daily Multivitamins,https://images.deliveryhero.io/image/menus-glovo/products/0235020c17745246306084d1459c9cd37961d72db89949b20ef387c9859485c0?t=W3siYXV0byI6eyJxIjoibG93In19XQ==,"#4,500.00"
259,Daravit * 30 Caps,Multivitamins & Supplements,Daily Multivitamins,https://i.postimg.cc/dV3jLdRB/daravit-15caps.jpg,"#2,250.00"
260,Daravit Forte *10 Caps,Multivitamins & Supplements,Daily Multivitamins,https://images.deliveryhero.io/image/menus-glovo/products/837fea2ee6c2343b8d0c0722aace7349781f8ad33292cc7bfb420a4679f8fbdd?t=W3siYXV0byI6eyJxIjoibG93In19XQ==,"#1,800.00"
261,Dr Meyers Folic Acid * 100 Tabs,Multivitamins & Supplements,Daily Multivitamins,https://images.deliveryhero.io/image/menus-glovo/products/11b20060e5d704386a8e759efedd03c7ffe3336498b9eb961e8734d871d810eb?t=W3siYXV0byI6eyJxIjoibG93In19XQ==,#800.00
262,Force Factor Total Beets Gummies *60(F/P,Multivitamins & Supplements,Daily Multivitamins,https://i.postimg.cc/PfcH4vr3/force-factor-total-beets-gummies-fruit-punch.jpg,"#24,500.00"
263,G/Life Mykind Ashwagandha Stress *60,Multivitamins & Supplements,Daily Multivitamins,https://i5.walmartimages.com/asr/57636130-3e7f-4b50-bd40-da5bca71b97a_1.5e1fd4fe83aeaaf9bd25d041d71214a3.jpeg,"#50,000.00"
264,N/Factors Bigfriends Multi *60 Chew(J/Be,Multivitamins & Supplements,Daily Multivitamins,https://i.postimg.cc/TYCDtH9D/image-removebg-preview-4.jpg,"#14,500.00"
265,Omega-H3 * 30 Capsules,Multivitamins & Supplements,Daily Multivitamins,https://i.postimg.cc/8k22B7Wb/image.png,"#8,650.00"
266,Proplus *24 Tablet,Multivitamins & Supplements,Daily Multivitamins,https://i.postimg.cc/brqHVbTq/proplus-caffeine-24-tablets.jpg,"#4,850.00"
267,Revive Active *30 Days Orange & Mango,Multivitamins & Supplements,Daily Multivitamins,https://medplusnig.com/72-large_default/revive-active-30-days.jpg,"#95,400.00"
268,Revive Active Mastermind *30Sachet,Multivitamins & Supplements,Daily Multivitamins,https://i.postimg.cc/c4jG1NQ1/Revive-Active-Mastermind-30-Sachet.jpg,"#51,800.00"
269,Revive Active Teen 13-18 Yrs *20 Stick,Multivitamins & Supplements,Daily Multivitamins,https://storage.googleapis.com/rs.dolphinfitness.com/tn1/tn1_198315912.jpg,"#22,500.00"
270,Revive Active Ubiquinol Co-Q10* 30 Caps,Multivitamins & Supplements,Daily Multivitamins,https://i.postimg.cc/nVR6TtSK/Revive-Active-Ubiquinol-Co-Q10-30-Caps.jpg,"#46,000.00"
271,Revive Active *30 Sachet (Tropical Flav.,Multivitamins & Supplements,Daily Multivitamins,https://i.postimg.cc/fW9FLMFS/image.png,"#95,400.00"
272,Revive Zest Active * 30 Sachets,Multivitamins & Supplements,Daily Multivitamins,https://medplusnig.com/253-home_default/revive-zest-active--30-sachets.jpg,"#55,600.00"
273,Sos Advance Health Beverage 250Ml,Multivitamins & Supplements,Daily Multivitamins,https://i.postimg.cc/Gm69WdYN/SOS-ADVANCE-CELLULAR-HEALTH-250-ML-Photo-Room-png-Photo-Room.png,"#63,000.00"
274,Daravit Woman *30 Caps,Multivitamins & Supplements,Active Woman,https://i.postimg.cc/dQxxrjD4/Daravit-Woman-30-Caps.jpg,"#7,600.00"
275,Nutri Burst Women Multivitamin * 60 Gum,Multivitamins & Supplements,Active Woman,https://i.postimg.cc/0ykqgyyj/women-multi.jpg,"#35,000.00"
276,Wellwoman Max *84 Tabs/Caps,Multivitamins & Supplements,Active Woman,https://images.deliveryhero.io/image/menus-glovo/products/bef5f6398dd2ae76513656ec9b951e4318504ca26ac5c03a78c9319e6f78cc2b?t=W3siYXV0byI6eyJxIjoibG93In19XQ==,"#32,900.00"
277,Wellwoman Plus Omega 3-6-9 * 56 Capsules,Multivitamins & Supplements,Active Woman,https://images.deliveryhero.io/image/menus-glovo/products/856edf049f42c052405f6c390a2fe20b68a7d74d0aa641d307487477a178f51c?t=W3siYXV0byI6eyJxIjoibG93In19XQ==,"#28,500.00"
278,Gold Collagen Forte 500Ml *10 Day,Multivitamins & Supplements,Beauty & Fertility,https://i.postimg.cc/RZVt1xpT/GOLD-COLLAGEN-FORTE-500-ML-10-DAY-Photo-Room-png-Photo-Room.png,"#86,350.00"
279,Gold Collagen Forte Plus * 10 Bottle,Multivitamins & Supplements,Beauty & Fertility,https://i.postimg.cc/2yDbVsBh/GOLD-COLLAGEN-FORTE-PLUS-20-BOTTLE-Photo-Room-png-Photo-Room-Photo-Room-png-Photo-Room.png,"#101,450.00"
280,Gold Collagen Pure Plus * 10 Bottle,Multivitamins & Supplements,Beauty & Fertility,https://i.postimg.cc/h4sTXGpG/GOLD-COLLAGEN-PURE-PLUS-10-BOTTLE-Photo-Room-png-Photo-Room.png,"#78,850.00"
281,Lac Taut Premium Collagen R/Form. 400Ml,Multivitamins & Supplements,Beauty & Fertility,https://i.postimg.cc/9FzDTNd9/image.png,"#87,550.00"
282,Neocell Super Collagen +C 360Tabs,Multivitamins & Supplements,Beauty & Fertility,https://i.postimg.cc/hvNcVMn8/image.png,"#52,500.00"
283,Lac Nmn 450Mg *30 Sticks,Multivitamins & Supplements,Beauty & Fertility,https://i.postimg.cc/kG5Z0bWp/nm-age-defying-compoung-450mg.webp,"#313,600.00"
284,Pregnacare Conception * 30 Tabs,Multivitamins & Supplements,Beauty & Fertility,https://i.postimg.cc/rpbDfGqm/image.png,"#18,900.00"
285,Pregnacare Original * 30 Tabs,Multivitamins & Supplements,Beauty & Fertility,https://medplusnig.com/215-large_default/pregnacare-original--30-tabs.jpg,"#15,750.00"
286,Pregnacare Plus Omega-3 * 56,Multivitamins & Supplements,Beauty & Fertility,https://i.postimg.cc/d02kTLFQ/plus-omega-3.jpg,"#29,400.00"
287,Efamol Pure Evening Prim Oil 500Mg * 90,Multivitamins & Supplements,Beauty & Fertility,https://i.postimg.cc/KYztXJPp/pure-evening-primrose-oil-Photo-Room-png-Photo-Room.png,"#28,600.00"
288,Relumins Collagen Complex Form *10,Multivitamins & Supplements,Beauty & Fertility,https://www.imbms.com/Img_upload/f1f6864d-bda5-4208-a5fb-178fee7cba15_small.jpg,"#80,150.00"
289,Revive Active Beauty Complex *30 Sachets,Multivitamins & Supplements,Beauty & Fertility,https://i.postimg.cc/RVXVP1RB/image.png,"#78,000.00"
290,Nutri Burst Men Multivitamin * 60 Gum,Multivitamins & Supplements,Active Man,https://i.postimg.cc/0ynk842V/Nutri-Burst-men-Multivitamin-Gummies-60.jpg,"#35,000.00"
291,Wellman * 30 Capsules,Multivitamins & Supplements,Active Man,https://medplusnig.com/185-large_default/wellman--30-capsules.jpg,"#13,300.00"
292,Wellman 50+ * 30 Tabs,Multivitamins & Supplements,Active Man,https://medplusnig.com/186-large_default/wellman-50--30-tabs.jpg,"#16,050.00"
293,Wellman Max * 84 Tabs/Caps,Multivitamins & Supplements,Active Man,https://i.postimg.cc/2SjRR5jb/Wellman-Max-84-Tabs-Caps.jpg,"#30,600.00"
294,Wellman Prostate * 60 Tabs,Multivitamins & Supplements,Active Man,https://i.postimg.cc/vB24X8cr/Wellman-Prostate-60-Tabs.webp,"#39,000.00"
295,Calgovit Vit C * 20 Tab Orange Flavour,Multivitamins & Supplements,Immunity Boosters,https://images.deliveryhero.io/image/menus-glovo/products/8b994ea72c3f82eb7f3e9263f165362347f033c4b1bbb1ade1e3b93a6d656059?t=W3siYXV0byI6eyJxIjoibG93In19LHsicmVzaXplIjp7IndpZHRoIjoxNTAsImhlaWdodCI6MTUwfX1d,"#5,350.00"
296,G/Life Women Vit Code 50 Plus * 120 Caps,Multivitamins & Supplements,Immunity Boosters,https://i.postimg.cc/6pJzmR5M/image.png,"#66,650.00"
297,G/Life Mykind Organics Elderberry *120Gu,Multivitamins & Supplements,Immunity Boosters,https://images.deliveryhero.io/image/menus-glovo/products/f893853a9693eb59d829747e458fa9cb168506e2d7e0b7f9da0be2bbbec24f7c?t=W3siYXV0byI6eyJxIjoibG93In19XQ==,"#61,200.00"
298,G/Life Vitamin Code Raw Vit C 500Mg *120,Multivitamins & Supplements,Immunity Boosters,https://i.postimg.cc/PrpY9Dsz/glife-code.jpg,"#61,600.00"
299,G/L Vitamin Code Raw Zinc *60 Caps,Multivitamins & Supplements,Immunity Boosters,https://i.postimg.cc/VNshKMD3/image.png,"#28,600.00"
300,Haliborange 1000Mg * 20 Eff(Blackcurrant,Multivitamins & Supplements,Immunity Boosters,https://images.yaoota.com/bulgDsyutyq0hpjnPug0Qf6ptZM=/trim/yaootaweb-production-ke/media/crawledproductimages/ad27c3e848914be158ed89fed80bdd0b749ce798.jpg,"#10,650.00"
301,Haliborange 1000Mg *20Eff (Orange),Multivitamins & Supplements,Immunity Boosters,https://images.deliveryhero.io/image/menus-glovo/products/c1144f38ca629eda38105e23f92cb509a4146dadafa1b440f5d305279f0bce9c?t=W3siYXV0byI6eyJxIjoibG93In19XQ==,"#10,650.00"
302,Immun-Activ 1000Mg Vit C Plus Zinc *100,Multivitamins & Supplements,Immunity Boosters,https://images.deliveryhero.io/image/menus-glovo/products/9bedab80e9a7db78e550b0583a4586d27e1c0c0343636da468b707a986a5e98f?t=W3siYXV0byI6eyJxIjoibG93In19XQ==,"#16,100.00"
303,Immunboost Eff Vit.C 1000Mg *20 (Orange),Multivitamins & Supplements,Immunity Boosters,https://i.postimg.cc/GmK7Ttdz/image.png,"#5,250.00"
304,Immunboost Senior Women 50+ Supp *90 Tab,Multivitamins & Supplements,Immunity Boosters,https://i.postimg.cc/mgrYPH42/immunboost-senior-women-50-90tab-Photo-Room-png-Photo-Room.png,"#11,700.00"
305,N/A Vitamin C Immune Support 1000Mg*20(O,Multivitamins & Supplements,Immunity Boosters,https://i.postimg.cc/bY6wgHLj/image.png,"#8,500.00"
306,N/A Immune Vit C Eff + Zinc *20(B/C,Multivitamins & Supplements,Immunity Boosters,https://i.postimg.cc/VksyV3NG/image.png,"#11,650.00"
307,N/A VITAMIN C 1000MG EFFERVESCENT *20TAB,Multivitamins & Supplements,Immunity Boosters,https://images.deliveryhero.io/image/menus-glovo/products/6b6e886710322a35b7241594b02d78f608607111f07ec7209db73e3d741c54b9?t=W3siYXV0byI6eyJxIjoibG93In19XQ==,"#8,500.00"
308,Nutri Burst Tripple Immunity * 60 Gum,Multivitamins & Supplements,Immunity Boosters,https://i.postimg.cc/1RdSqQBY/triple-immunity.jpg,"#35,000.00"
309,Spartan C Vit. C (White)*100 Tabs,Multivitamins & Supplements,Immunity Boosters,https://i.postimg.cc/pXCwfXVr/spartanc-vitamin-c-white-Photo-Room-png-Photo-Room.png,#850.00
310,"Super Immun C Vit C, Zinc & Vit D3 *100",Multivitamins & Supplements,Immunity Boosters,https://i.postimg.cc/ryDqfsJP/image.png,"#16,550.00"
311,Astyfer * 30 Caps,Multivitamins & Supplements,Blood Tonics,https://images.deliveryhero.io/image/menus-glovo/products/41732d614eaafcc277603d21dbd20ece0dd309a98becd5ff91529c8799c69cbf?t=W3siYXV0byI6eyJxIjoibG93In19XQ==,"#4,750.00"
312,Astyfer Blood Builder Liquid 200Ml,Multivitamins & Supplements,Blood Tonics,https://i.postimg.cc/WbYZyRNG/astyfer.jpg,"#4,900.00"
313,Bunto Blood Tonic 300Ml,Multivitamins & Supplements,Blood Tonics,https://i.postimg.cc/6TskwL18/Bunto-Blood-Tonic-300-Ml.jpg,"#1,700.00"
314,Dedeon'S Tonic 150Ml,Multivitamins & Supplements,Blood Tonics,https://i0.wp.com/nettpharmacy.com/wp-content/uploads/2021/08/1602866978292-lg.jpg?fit=300%2C300Andssl=1,"#2,650.00"
315,Dedeon'S Tonic 280Ml,Multivitamins & Supplements,Blood Tonics,https://images.deliveryhero.io/image/menus-glovo/products/e43c1488987ad9d5821a59135da74883cc976f83e5c4287d2a5dc44b3f2e1217?t=W3siYXV0byI6eyJxIjoibG93In19XQ==,"#4,200.00"
316,Orheptal Tonic 1 Litre,Multivitamins & Supplements,Blood Tonics,https://d3ckuu7lxvlwp2.cloudfront.net/products/25531169360b8efd69bc28product.jpg,"#5,050.00"
317,Feroglobin * 30 Caps,Multivitamins & Supplements,Blood Tonics,https://images.deliveryhero.io/image/menus-glovo/products/70261df38d0655ec92ba72ecb59af71b7999281e226d52cf6bea096a6fc851bb?t=W3siYXV0byI6eyJxIjoibG93In19XQ==,"#11,150.00"
318,Feroglobin Liquid Plus 200Ml,Multivitamins & Supplements,Blood Tonics,https://i.postimg.cc/xChJXrT9/image-removebg-preview-5.jpg,"#20,600.00"
319,Feroglobin Syrup 200Ml,Multivitamins & Supplements,Blood Tonics,https://i.postimg.cc/dQL4nKKY/Feroglobin-Syrup-200-Ml.jpg,"#10,750.00"
320,Floradix Liquid Iron & Vit Formula 500Ml,Multivitamins & Supplements,Blood Tonics,https://i.postimg.cc/2SB1XVXY/FLORADIX-LIQ-IRON-VIT-FORMULA-500-ML-Photo-Room-png-Photo-Room.png,"#42,000.00"
321,Tot'Hema Oral Solution *20,Multivitamins & Supplements,Blood Tonics,https://i.postimg.cc/cCLYn7fc/image-removebg-preview-4.jpg,"#1,050.00"
322,Apetamin Syrup 200Ml,Multivitamins & Supplements,Appetite Stimulants,https://images.deliveryhero.io/image/menus-glovo/products/78f89a677a19e9204aec1f5b8bc731ec8d23cecfc51202eaacd830184d2a128d?t=W3siYXV0byI6eyJxIjoibG93In19XQ==,"#6,850.00"
323,Cypri Gold Syrup 200Ml B/S,Multivitamins & Supplements,Appetite Stimulants,https://images.deliveryhero.io/image/menus-glovo/products/7b1b1fd34ca169354204af8a4769f03c84281d0ab2ba406ceb8ee99cc31607bc?t=W3siYXV0byI6eyJxIjoibG93In19XQ==,"#1,500.00"
324,Dynamogen 10Ml * 20 Solution,Multivitamins & Supplements,Appetite Stimulants,https://images.deliveryhero.io/image/menus-glovo/products/b5d4b43d151ea590f3828bc5f76aecc62e5af89163711e6225fa0cdc062b77a3?t=W3siYXV0byI6eyJxIjoibG93In19XQ==,#650.00
325,N/Factors Ult Probiotic 24 Billion *60 C,Multivitamins & Supplements,Probiotics,https://naturalfactors.com/cdn/shop/files/yndatn1rdyac1yyg9ogv_9ebc2046-c868-4c1b-91a6-c6d08cd9aeea_large.png?v=1690312393,"#49,500.00"
326,Imodium * 6 Caps (Local),Health & Medicine,Anti-Diarrhoeal,https://images.deliveryhero.io/image/menus-glovo/products/ad81416e8c3619e1ddad99c3af1927f490a4d11e01fa25b985bba4c7da6eae52?t=W3siYXV0byI6eyJxIjoibG93In19LHsicmVzaXplIjp7IndpZHRoIjoxNTAsImhlaWdodCI6MTUwfX1d,"#4,200.00"
327,Imodium Instants * 6 Tabs,Health & Medicine,Anti-Diarrhoeal,https://i.postimg.cc/Jh2jCRpK/Imodium-Instants-6-Tabs.webp,"#12,350.00"
328,Modia (Loperamide 2Mg)* 10 Capsules,Health & Medicine,Anti-Diarrhoeal,https://images.deliveryhero.io/image/menus-glovo/products/95b462b66da835493befa49494bf1851d91849628ef4eeb110f88f25e9ed76c9?t=W3siYXV0byI6eyJxIjoibG93In19XQ==,"#1,500.00"
329,Amatem Forte * 6 Tabs,Health & Medicine,Tablets & Softgels,https://i.postimg.cc/SN6KWfHy/AMATEM-FORTE-by-6-TABS-Photo-Room-png-Photo-Room.png,"#2,100.00"
330,Amatem Forte Softgel * 6,Health & Medicine,Tablets & Softgels,https://images.deliveryhero.io/image/menus-glovo/products/757cf4b92ecbf81be28786c7c04f13663d72d105bc8824d1ca33cc8cfaccdf39?t=W3siYXV0byI6eyJxIjoibG93In19LHsicmVzaXplIjp7IndpZHRoIjoxNTAsImhlaWdodCI6MTUwfX1d,"#3,100.00"
331,Camosunate 150Mg/50Mg (Child)* 6 Tabs,Health & Medicine,Tablets & Softgels,https://i.postimg.cc/BvYbjZkH/Camosunate-150-MG-50-MG-Child-6-Tabs.jpg,"#2,050.00"
332,Camosunate 300Mg/100Mg (Adult)* 12 Tabs,Health & Medicine,Tablets & Softgels,https://images.deliveryhero.io/image/menus-glovo/products/4e847e42d7ed761378220f3342c409270d0e051f9eb3ee9eae062c62ef03e8c0?t=W3siYXV0byI6eyJxIjoibG93In19XQ==,"#2,800.00"
333,Camosunate 300Mg/100Mg (Junior)* 6 Tabs,Health & Medicine,Tablets & Softgels,https://i.postimg.cc/DZRzcj2z/Camosunate-300-MG-100-MG-Junior-6-Tabs.jpg,"#2,000.00"
334,Camosunate 75Mg/25Mg (Pediatric)* 6 Tabs,Health & Medicine,Tablets & Softgels,https://i.postimg.cc/g24k7kYQ/Camosunate-75-MG-25-MG-Pediatric-6-Tabs.webp,"#1,700.00"
335,Coartem 80/480Mg * 6 Tabs,Health & Medicine,Tablets & Softgels,https://i.postimg.cc/wMW0nj69/image-removebg-preview-4.jpg,"#4,600.00"
336,Lonart 20/120 Suspension 60Ml,Health & Medicine,Tablets & Softgels,https://i.postimg.cc/Nj2Pj2xX/image.png,"#3,600.00"
337,Lonart Ds * 6 Tabs,Health & Medicine,Tablets & Softgels,https://i.postimg.cc/kgSfm3nF/image.png,"#3,750.00"
338,P-Alaxin * 9 Tablets,Health & Medicine,Tablets & Softgels,https://images.deliveryhero.io/image/menus-glovo/products/31f9b4b01bb908e49a70fee5fee0405a613a36b9d7c409ad7a2e09af9abbf9b3?t=W3siYXV0byI6eyJxIjoibG93In19XQ==,"#2,050.00"
339,P-Alaxin Ts *3 Tablets,Health & Medicine,Tablets & Softgels,https://images.deliveryhero.io/image/menus-glovo/products/508b45d9a5e7d079b5bd9093f096e06e73ba92bf5ecaebfcc37a9072c20102ad?t=W3siYXV0byI6eyJxIjoibG93In19XQ==,"#2,200.00"
340,Synriam 150+750Mg *3 Tabs,Health & Medicine,Tablets & Softgels,https://i.postimg.cc/C1rj8mhx/image.png,"#5,050.00"
341,Cenpain Night Sleep *20 Caps,Health & Medicine,Clinical Sleep Aids,https://i.postimg.cc/tTnYDnK0/Cenpain-20caplets.jpg,#800.00
342,Emzor Para Night *10 Caps,Health & Medicine,Clinical Sleep Aids,https://i0.wp.com/nettpharmacy.com/wp-content/uploads/2021/08/ParaNight_new.png?fit=500%2C1015Andssl=1,#550.00
343,Panadol Night * 24 Caplets,Health & Medicine,Clinical Sleep Aids,https://i.postimg.cc/JzmvP5VQ/image.png,"#13,750.00"
344,Sominex Oan Tab * 16,Health & Medicine,Herbal Sleep Aids,https://images.deliveryhero.io/image/menus-glovo/products/7b16faf17daa77cd9ac4481b8d0c1a085fcab87fdcb869d938691a400f266cfa?t=W3siYXV0byI6eyJxIjoibG93In19XQ==,"#5,350.00"
345,Xarelto 20Mg *14,Health & Medicine,Natural Sleep Aids,https://i.postimg.cc/PrrvnBjp/image.png,"#35,000.00"
346,Pyrantrin Oral Suspension 15Ml,Health & Medicine,Natural Sleep Aids,https://i.postimg.cc/dthRwQSH/Pyrantrin-Oral-Suspension-15-Ml.jpg,"#1,200.00"
347,Canesten Anti-Fungal Cream 20G,Health & Medicine,Creams & Ointments,https://images.deliveryhero.io/image/menus-glovo/products/58a798b40915cb647c7195a51e4b42e3461dbee5dd8208dad8cca56717e253e6?t=W3siYXV0byI6eyJxIjoibG93In19XQ==,"#7,750.00"
348,Daktacort * 15G Cream,Health & Medicine,Creams & Ointments,https://i.postimg.cc/66vrTs28/image.png,"#7,750.00"
349,Funbact-A Cream 30G,Health & Medicine,Creams & Ointments,https://images.deliveryhero.io/image/menus-glovo/products/3756edc6a9b505f19a58713ce8c6479822025053bfb669a86bfd746d5b8449d2?t=W3siYXV0byI6eyJxIjoibG93In19XQ==,"#1,100.00"
350,Lamisil At 1% Gel 15G,Health & Medicine,Creams & Ointments,https://healthplusnigeria.com/cdn/shop/products/5051562015501.jpg?v=1680837920,"#10,700.00"
351,Mycota Cream 25G,Health & Medicine,Creams & Ointments,"https://m.media-amazon.com/images/I/4190gvvrT+L._AC_UF894,1000_QL80_.jpg","#7,500.00"
352,Mycoten Cream 20G,Health & Medicine,Creams & Ointments,https://images.deliveryhero.io/image/menus-glovo/products/2e4afdd451626bb2713e8f7d99e03420ad73ae682100444f06db887e9beccbd1?t=W3siYXV0byI6eyJxIjoibG93In19XQ==,#950.00
353,Nizoral Topical Cream 15G,Health & Medicine,Creams & Ointments,https://i.postimg.cc/sXHxvV6S/Nizoral-Topical-Cream-15-G.jpg,"#6,650.00"
354,Virest 400Mg * 25Tab,Health & Medicine,Anti-Viral Tablets,https://i.postimg.cc/rsm7C8B2/image.png,"#16,300.00"
355,Betadrone - N Eye/Ear Drops,Health & Medicine,Eye & Ear Drops,https://i.postimg.cc/CMq88v7S/betadrone-eye-drops-Photo-Room-png-Photo-Room.png,"#1,700.00"
356,Travatan Eye Drop 2.5Ml,Health & Medicine,Eye & Ear Drops,https://i.postimg.cc/8P0QHrRf/Travatan-Eye-Drop-2-5-ML.png,"#28,850.00"
357,Pyrantrin Tablets *6 Tablets,Health & Medicine,Worm Expeller,https://images.deliveryhero.io/image/menus-glovo/products/31487d84e524fadce10c86f02bdfbffdf6127ce2e296a9151c866b402b038c30?t=W3siYXV0byI6eyJxIjoibG93In19LHsicmVzaXplIjp7IndpZHRoIjoxNTAsImhlaWdodCI6MTUwfX1d,#900.00
358,Zolat Tab 200Mg (Albendazole) * 2,Health & Medicine,Worm Expeller,https://i.postimg.cc/mgXGMwS2/Zolat-Tab-200-Mg-Albendazole-2.jpg,#400.00
359,Seretide 50/250Mcg * 60 Doses,Chronic Diseases,Inhalers,https://i.postimg.cc/sX3jBRHV/image-removebg-preview-4.jpg,"#67,500.00"
360,Ventolin Evohaler 100Mg * 200,Chronic Diseases,Inhalers,https://i.postimg.cc/HWtsmy0G/vento-evohaler.jpg,"#15,000.00"
361,Galvus Met 50Mg/1000Mg * 60 Tabs,Chronic Diseases,Anti-Diabetics,https://i.postimg.cc/nh1hG91Q/image.png,"#42,300.00"
362,Lantus Solosta Insulin *5Pens,Chronic Diseases,Anti-Diabetics,https://i.postimg.cc/L4kwXk4f/image.png,"#88,800.00"
363,Ozempic 1Mg *1 Prefilled Injection,Chronic Diseases,Anti-Diabetics,https://i.postimg.cc/Xqxsg8Xz/image.png,"#585,000.00"
364,Lisinopril 10Mg * 28 Tabs (Teva),Chronic Diseases,Anti-Diabetics,https://i.postimg.cc/NjX1sDBv/image.png,"#2,750.00"
365,Natrixam 1.5Mg/10Mg *30 Tabs,Chronic Diseases,Anti-Diabetics,https://i.postimg.cc/3Rx4vF5R/image.png,"#16,200.00"
366,Uperio 100Mg *28 Tabs,Chronic Diseases,Anti-Hypertensives,https://i.postimg.cc/2SdwfPJQ/image-removebg-preview-5.jpg,"#49,500.00"
367,Vasoprin 75Mg * 100 Tabs,Chronic Diseases,Anti-Hypertensives,https://images.deliveryhero.io/image/menus-glovo/products/96460ab2a945cce36feb50d27e4d31ff34e85f8ec0fec7a5a8062cd805e28705?t=W3siYXV0byI6eyJxIjoibG93In19XQ==,#550.00
368,Gaviscon D/A Liquid 150Ml (Mint),Antacids & Laxatives,Antacids,https://i.postimg.cc/6pY2W4xB/image-removebg-preview-5.jpg,"#15,400.00"
369,Gaviscon Double Action Liquid 150Ml,Antacids & Laxatives,Antacids,https://i.postimg.cc/CMjVv6XP/Gaviscon-Advance-Aniseed-Flavour-150-Ml.jpg,"#12,050.00"
370,Gaviscon D/Action Tab* 24 (Mint),Antacids & Laxatives,Antacids,https://i.postimg.cc/MGgGHyPJ/image-removebg-preview-6.jpg,"#17,500.00"
371,Gaviscon Liquid 200Ml (Peppermint),Antacids & Laxatives,Antacids,"https://onemg.gumlet.io/l_watermark_346,w_480,h_480/a_ignore,w_480,h_480,c_fit,q_auto,f_auto/h3jfihbixcxgl4lq3jg8.jpg","#10,500.00"
372,Gestid Chewable * 20 Tabs,Antacids & Laxatives,Antacids,https://images.deliveryhero.io/image/menus-glovo/products/8539239ee337cc84b91eb5c184a42bec3980ca93f13e323d9a3318fa59562a13?t=W3siYXV0byI6eyJxIjoibG93In19XQ==,"#1,050.00"
373,Gestid Suspension 200Ml,Antacids & Laxatives,Antacids,https://images.deliveryhero.io/image/menus-glovo/products/345764bb214e9d8f50470b2c2d224f4e254e3929863e1bae15c84f4f8eb2f2cb?t=W3siYXV0byI6eyJxIjoibG93In19XQ==,"#2,400.00"
374,Pepto-Bismol 118Ml,Antacids & Laxatives,Antacids,https://i.postimg.cc/MTpt5d9y/image-removebg-preview-4.jpg,"#11,250.00"
375,Phillips Milk Of Magnesia 118Ml(C. Free),Antacids & Laxatives,Antacids,https://i.postimg.cc/Pxs7Gvtx/image-removebg-preview-4.jpg,"#9,450.00"
376,Phillips Milk Of Magnesia 200Ml(M. Free),Antacids & Laxatives,Antacids,https://i.postimg.cc/G3j5T0ZC/Phillips-Milk-Of-Magnesia-200-Ml-M-Free.jpg,"#15,850.00"
377,Polygel Rapid Relief Susp 200Ml(Mint,Antacids & Laxatives,Antacids,https://i.postimg.cc/8CDv6Y22/Polygel-Rapid-Relief-Susp-200-Ml-Mint.jpg,"#3,100.00"
378,Supermag Antiacid 200Ml,Antacids & Laxatives,Antacids,https://images.deliveryhero.io/image/menus-glovo/products/36a2c4ab36e4314e4fc8e2959f04c18ef05437d11a5f776048a2ff5c5d06165c?t=W3siYXV0byI6eyJxIjoibG93In19XQ==,"#1,100.00"
379,Dulcolax 5Mg * 20 Tabs,Antacids & Laxatives,Antacids,https://i.postimg.cc/85mtqyKK/image-removebg-preview-5.jpg,"#7,500.00"
380,Avomine 25Mg *10Tabs(Manx),Antacids & Laxatives,Anti-emetics,https://i.postimg.cc/7ZWHt3yJ/image-removebg-preview-8.jpg,"#7,600.00"
381,Ensure Original 237Ml (Vanilla),Diet & Nutrition,Nutrition Drinks,https://i.postimg.cc/J4cxcYTD/image-removebg-preview-6.jpg,"#4,650.00"
382,Ensure Plus 237Ml (Vanilla) * 24,Diet & Nutrition,Nutrition Drinks,https://i.postimg.cc/RhNg8Fqh/ensure-plus-correct.webp,"#7,600.00"
383,Livolin Forte* 30 Caps,Diet & Nutrition,Herbal Cleansers,https://i.postimg.cc/WbVJ9QD3/livolin-forte.jpg,"#16,950.00"
384,Braggs Apple Cider Vinegar 473Ml (S/S),Diet & Nutrition,Herbal preparations,https://images.deliveryhero.io/image/menus-glovo/products/9b32a18cd696def11a2788b3d2b928309df4f360648f88ac6cbcd289097b9b6c?t=W3siYXV0byI6eyJxIjoibG93In19XQ==,"#12,500.00"
385,Jigsimur Health Drink 750Ml,Diet & Nutrition,Herbal preparations,https://i.postimg.cc/cLp3LPJs/image.png,"#24,000.00"
386,Trevo Drink *473.15Ml/500Ml,Diet & Nutrition,Herbal preparations,https://i.postimg.cc/YqfnBf2D/image.png,"#63,750.00"
387,Puls Nutrition Mass Muscle Protein 2Kg C,Diet & Nutrition,Whey Proteins & Shakes,https://i.postimg.cc/26Tkt99d/image.png,"#127,950.00"
388,Puls Nutrition Whey Protein 600G (Vanill,Diet & Nutrition,Whey Proteins & Shakes,https://i.postimg.cc/DZg324ch/image.png,"#68,800.00"
389,Fanta Orange Pet * 12,Diet & Nutrition,Water & Soda Drinks,https://i.postimg.cc/4NR28xvb/image.png,#350.00
390,Live It Up Bottle Water 60Cl,Diet & Nutrition,Water & Soda Drinks,https://i.postimg.cc/6Q5nQc5J/IMG-0118-removebg-preview-1.jpg,#200.00
391,Malta Guiness Can Drink 330Ml,Diet & Nutrition,Water & Soda Drinks,https://i.postimg.cc/RVPfWP06/image.png,#650.00
392,Nestle Water 150Ml * 12 B/S,Diet & Nutrition,Water & Soda Drinks,https://images.deliveryhero.io/image/menus-glovo/products/e6449fdb22f1aa36ccaa13c986349a222474048373f78a963814d91e295bf32b?t=W3siYXV0byI6eyJxIjoibG93In19LHsicmVzaXplIjp7IndpZHRoIjoxNTAsImhlaWdodCI6MTUwfX1d,#300.00
393,Omron Bp Monitor M7 Intelli It,Medical Devices & Accessories,Blood Pressure Monitors,https://i.postimg.cc/mrcvT0zL/image-removebg-preview-16.jpg,"#206,650.00"
394,Dr Greg'S Malaria Test Kit,Diagnostic Test Kits,Malaria & Typhoid Test Kit,https://images.deliveryhero.io/image/menus-glovo/products/14b3a52f186225a622af8cb9bbbac3b8b1db54100331fe5d13c7e78f9b2006ca?t=W3siYXV0byI6eyJxIjoibG93In19XQ==,"#3,600.00"
395,Dr Greg S.Typhoid Test Kit,Diagnostic Test Kits,Malaria & Typhoid Test Kit,https://i.postimg.cc/qvR3fdCc/dr-greg-typhoid-kit.jpg,"#2,900.00"
396,Health Check Malaria Test Kit,Diagnostic Test Kits,Malaria & Typhoid Test Kit,https://i.postimg.cc/ydLHCM3r/Health-Check-Malaria-Test-Kit.jpg,"#2,650.00"
397,Malaria Test Cassette *1,Diagnostic Test Kits,Malaria & Typhoid Test Kit,https://images.deliveryhero.io/image/menus-glovo/products/15672ecfb5e08071b41a31d524acdfa265db06021a3a7b55b700f9aefb69d669?t=W3siYXV0byI6eyJxIjoibG93In19XQ==,"#2,200.00"
398,Cotton Bandage 15Cm *4.5M,Surgical Dressings & Items,Bandages,https://images.deliveryhero.io/image/menus-glovo/products/216afb2fe620d110fbbbf6754c5173e93daf01ea71a88dc78a82df4cd64034a3?t=W3siYXV0byI6eyJxIjoibG93In19XQ==,#750.00
399,Crepe Bandage 10Cm X 4.5M(M/S),Surgical Dressings & Items,Bandages,https://i.postimg.cc/J7cpg1PT/CREPE-BANDAGE-10-CM-4-5-M-M-or-S-Photo-Room-png-Photo-Room.png,#600.00
400,Crepe Bandage 15Cm X 4.5M(B/S),Surgical Dressings & Items,Bandages,https://i.postimg.cc/15PMxjvp/crepe-bandage-4-5-cm.jpg,#750.00
401,Crepe Bandage 7.5Cm*4.5M,Surgical Dressings & Items,Bandages,https://encrypted-tbn0.gstatic.com/images?q=tbn:ANd9GcT531e08_iCuCpYLgl3RtVp2Z4HLY_evbxKWdYCx75Z_sdk4loh7C5hhcmKisu--y-CDaoAndusqp=CAU,#500.00
402,Marklint Cotton Wool 250G,Surgical Dressings & Items,Bandages,https://i.postimg.cc/y6TcRYTZ/MARKLINT-COTTON-WOOL-250-MG-Photo-Room-png-Photo-Room.png,#300.00
403,Umec Adhesive Plaster * 100 Strips,Surgical Dressings & Items,Plasters,https://images.deliveryhero.io/image/menus-glovo/products/cde5143a89584e90a627adbd2eb1b90c2f0e1edc652273bb26287f79070a4b44?t=W3siYXV0byI6eyJxIjoibG93In19XQ==,#50.00
404,Moko Methylated Spirit 200Ml,Surgical Dressings & Items,Plasters,https://images.deliveryhero.io/image/menus-glovo/products/64c8fc430cdce061582ef1dbcb1609009ab53d1e344e9625d995e1621f2e51cf?t=W3siYXV0byI6eyJxIjoibG93In19XQ==,"#1,650.00"
405,Reelfruit Gently Dried (Pineapple) 100G,Snacks & Treats,Fruit Snacks,https://images.deliveryhero.io/image/menus-glovo/products/caa7ef4643dfa5316291efe1139380843145e3598e4a220716c0579d6765c43b?t=W3siYXV0byI6eyJxIjoibG93In19XQ==,"#2,100.00"
406,Tropical Sun Coconut Peanuts 165G,Snacks & Treats,Nut snacks,https://i.postimg.cc/nr8x1DK6/tropical-coconut-peanut-170g.webp,"#3,850.00"
407,Tropical Sun Coconut Peanuts 330G,Snacks & Treats,Nut snacks,https://i.postimg.cc/KcJdBK2z/image-removebg-preview-5.jpg,"#4,500.00"
408,Haribo 140G (Happy Cola),Snacks & Treats,Candy,https://images.deliveryhero.io/image/menus-glovo/products/3ed41935a4ebf8cddc8262b41912083580d9965461e4b02b8179ebd5ecc715c1?t=W3siYXV0byI6eyJxIjoibG93In19XQ==,"#3,350.00"
409,Mentos Chewing Gum S/F 56G (Spearmint),Snacks & Treats,Candy,https://i.postimg.cc/LsHJ73n3/image-removebg-preview-26.jpg,"#3,750.00"
410,Bounty Bar 57G * 24,Snacks & Treats,Cookies and Chocolates,https://i.postimg.cc/0NQyTrdm/BOUNTY-BAR-57-G-24.jpg,"#1,600.00"
411,Maryland Choc Chip & Coconut 136G,Snacks & Treats,Cookies and Chocolates,https://i.postimg.cc/6pGbtwXQ/maltesers-Photo-Room-png-Photo-Room.png,"#2,150.00"
412,Maryland Cookies Choc Chip 136G * 20,Snacks & Treats,Cookies and Chocolates,https://htsplus.ng/wp-content/uploads/2021/06/Maryland-Chocolate-Chip-Cookies-1200x1200.jpg,"#2,150.00"
413,Snickers Bar 50G *24,Snacks & Treats,Cookies and Chocolates,https://images.deliveryhero.io/image/menus-glovo/products/37e2b57e2aea3844554dbf14787ad54537089c4838bd78ff57e135eb9c2e51e2?t=W3siYXV0byI6eyJxIjoibG93In19XQ==,"#1,400.00"
414,Snickers Chocolate 80G * 24,Snacks & Treats,Cookies and Chocolates,https://i.postimg.cc/sXZkwbf4/snickers-80g-Photo-Room-png-Photo-Room.png,"#2,700.00"
415,Tesco All Butter Shortbread Finger 210G,Snacks & Treats,Cookies and Chocolates,https://i.postimg.cc/wjPy2WPt/TESCO-ALL-BUTTER-SHORTBREAD-FINGER-210-G.jpg,"#7,450.00"
416,Jacobs Cream Crackers 200G * 24,Snacks & Treats,Wafers,https://i.postimg.cc/JnfZLcW6/JACOB-S-CREAM-CRACKERS-ORIGINAL-200-G.jpg,"#2,600.00"
417,Mcvities Rich Tea Biscuits 200G * 24,Snacks & Treats,Biscuits,https://i.postimg.cc/RFNL9ZJF/MCVITIES-RICH-TEA-BISCUITS-200-G-24.webp,"#1,200.00"
418,Pringles Texas Bbq Sauce 165G,Snacks & Treats,Chips & Crisps,https://images.deliveryhero.io/image/menus-glovo/products/f46f7c6faf95c566a22c5e3a7068802cf3d31475e47cde0ec30baaf0097b1610?t=W3siYXV0byI6eyJxIjoibG93In19XQ==,"#5,300.00"
419,Qfc Plantain Chip Plastic(Ripe),Snacks & Treats,Chips & Crisps,https://images.deliveryhero.io/image/menus-glovo/products/1240c2a83ed2409f1caf8a11e2db8d05b3c292047278dbbdb126ae5fc3e0d11c?t=W3siYXV0byI6eyJxIjoibG93In19XQ==,"#4,050.00"
420,Chinny Chops Big Size,Snacks & Treats,Pastries,https://images.deliveryhero.io/image/menus-glovo/products/42e448d04c27d69b322e433e6690c193210efdc972eb136c046fe0e5b42d3494?t=W3siYXV0byI6eyJxIjoibG93In19XQ==,"#2,900.00"
